id,username,date,time,place,tweet,hashtags
1382118802419195906,dlifethamma,2021-04-14,06:49:35,,๑๔ เมษายน วันครอบครัว,"['สงกรานต์64', 'โควิด', 'วัคซีนโควิด19', 'covid19', 'ขอคนละชื่อรื้อระบอบประยุทธ์', 'รัฐบาลส้นตีนคนเชียร์ก็ส้นตีน', 'มกปฟก', 'ม33เรารักกัน', 'เราชนะ', 'โควิด19วันนี้', 'ศักดิ์สยาม', 'โควิดทองหล่อ', 'มีล่า', 'thailand']"
1382071833617309699,onchorb,2021-04-14,03:42:57,,ควรมีรถตรวจโควิดทั่ว กทม ได้แล้วนะ นี่ปีกว่าแล้วไม่เห็นความพร้อมในการตรวจเชิงรุกที่ดีขึ้นเลย ต้นปี เป็นไง ต้นปี ก็ไม่ต่างกัน,"['โควิด', 'โควิดเชียงใหม่', 'โควิดทองหล่อ', 'โควิด19', 'โควิด19วันนี้']"
1382029822390509568,jrstkk,2021-04-14,00:56:01,,รบกวนช่วยทำแบบสอบถามหน่อยนะคะ,"['covid_19', 'โควิด', 'โควิดวันนี้', 'โควิท19', 'bangkok', 'โควิดกรุงเทพ', 'โควิดเชียงใหม่', 'โควิดระลอก3', 'โควิดกรุงเทพ', 'สงกรานต์64', 'ศักดิ์สยาม', 'thailand', 'โควิด', 'กสพท64', 'โควิด19วันนี้']"
1382025013419659273,kririkriri,2021-04-14,00:36:54,,ความเลวทรามของวัคซีน .กะเอาหน้าก็พลาดละ เพราะดันมี แค่ ตัวที่ประโยชน์น้อยมากแถมเสี่ยง .กะเอาเงินตายละการผลิตไม่คืบหน้าใดใด ตอนนี้เหมือนจะเต้นช้ายขวา เอาหน้ารอดไปพลางๆหามาทีละ แสน สองแสนโดส .ดึงเวลาให้ช้าระบาดหนักกลัวกันทั้งประเทศ ม๊อบจะหายไปเอง,"['โควิดทองหล่อ', 'โควิด19วันนี้']"
1382023044068114434,netchanokc63,2021-04-14,00:29:05,,วันนี้จามเเล้วหนึ่ง ถามตัวเองทุกวัน ..เป็นหรือยัง ..ติดหรือยัง,"['โควิด', 'โควิด19วันนี้', 'โควิด19', 'covid19', 'covid_19', 'covid']"
1382021938495688704,jardiary,2021-04-14,00:24:41,,โควิทมันทำให้เห็นชัดเรื่องคนเอาตัวรอดเก่ง แม้จะติดเชื้อแล้วก็ยังตะเกียกตะกายเอาตัวรอด โดยไม่สนใจส่วนรวม โลกโคตรโหดร้ายที่มีคนแบบนี้ ในอีกมุมคนเสียสละก็เสียสละอยู่นั่นล่ะ,['โควิด19วันนี้']
1382011553042423811,kririkriri,2021-04-13,23:43:25,,เป็น ห่วง รมว. ที่ติดโควิดจาก น้องๆในทีมงานหน้าห้อง อาการเป็นงัยนะ ไม่เห็น เซลฟี่ มาวันละ น้องๆ ในคลับ อาจจะเป็นห่วงนะคะ ยังอยู่ดีมีสุขไหม หลังจากระบาดรอบรอบนี้ กระจายทั้งแผ่นดินโควิดไฮโซ ทำคนไทยจนทั้ง แผ่นดินเดือดร้อนทุกหย่อมหญ้าห่วยแตกสุด,"['โควิด19วันนี้', 'โควิดทองหล่อ', 'โควิด19']"
1382007692177203201,jmejao7qea3n9ph,2021-04-13,23:28:04,,#โคโควิด ทวิตภพวิจารณ์สนั่น ทหารพรานฉีดน้ำยาฆ่าเชื้อชายแดน,"['โคโควิด', 'โควิด19', 'โควิด19วันนี้', 'ทหารมีไว้ทำไมวิด19']"
1382002502409678852,matichontv,2021-04-13,23:07:27,,โควิด ทวิตภพวิจารณ์สนั่น ทหารพรานฉีดน้ำยาฆ่าเชื้อชายแดน,"['โควิด19', 'โควิด19วันนี้', 'ทหารมีไว้ทำไม']"
1381989170571145217,rose_queenrosie,2021-04-13,22:14:29,,#หน้ากากอนามัยพร้อมส่ง ค่าส่งเริ่มต้น ฿ ส่งของทุกวันไม่หยุดทุกเทศกาล,"['หน้ากากอนามัยพร้อมส่ง', 'หน้ากากอนามัย', 'หน้ากากอนามัยราคาถูก', 'หน้ากากอนามัยทางการแพทย์', 'แมสพร้อมส่ง', 'แมส', 'โควิดวันนี้', 'โควิด19', 'โควิด', 'covid19', 'เราชนะออนไลน์', 'เราชนะ', 'โควิดกรุงเทพ', 'โควิด19เชียงใหม่', 'โควิดหัวหิน', 'โควิด19วันนี้']"
1381967614017081357,hasaddd,2021-04-13,20:48:49,,ตอนเราเจอโควิด เพื่อนบ้านปิดประตูไม่ต้อนรับเรา เราเร่งสร้าง รพ.สนาม โชคดีแค่ไหน ที่เสร็จทัน ตอนเพื่อนบ้านเจอโควิด เราเปิดประตูต้อนรับ โดยไม่มีข้อแม้ ทั้งที่เราควรเก็บพื้นที่ไว้รักษาคนในจังหวัด,"['โควิด', 'โควิด19', 'โควิด19วันนี้', 'โควิดวันนี้', 'โควิดทองหล่อ', 'โควิดกรุงเทพ']"
1381960943630905344,zihao_p,2021-04-13,20:22:19,,พ่นยาฆ่าเชื้อ ป้องกัน,"['โควิด19', 'โควิด19วันนี้']"
1381960423797260290,thomas007mai,2021-04-13,20:20:15,,ลงไว้ก่อน ลำปางวันนี้ติดเชื้อ ราย รวมติดเชื้อที่ระบาดรอบนี้ ราย,"['savelampang', 'โควิด19', 'โควิด19วันนี้', 'โควิดลำปาง']"
1381957955759661063,natthakorn31,2021-04-13,20:10:26,,นิสิต และบุคลากรมหาวิทยาลัยเกษตรศาสตร์ ติดเชื้อไวรัสโคโรนา ณ วันที่ เมษายน อีกจำนวน ราย ตามประกาศแจ้ง และแจ้งเตือนให้ผู้เกี่ยวข้องเฝ้าระวังการแพร่ระบาด,"['ทีมมก', 'โควิด19วันนี้', 'โควิด19', 'covid19', 'เกษตรศาสตร์']"
1381957857160036354,ccardzz,2021-04-13,20:10:03,,แต่ก็ต้องมาพังลงอีกรอบกับโควิทอีกหรอ ถามจริงงงงงง ไม่ไหวแล้ววววว,['โควิด19วันนี้']
1381956957544706056,sawasdeekala,2021-04-13,20:06:28,,#รัฐบาลส้นตีนคนเชียร์ก็ส้นตีน,"['รัฐบาลส้นตีนคนเชียร์ก็ส้นตีน', 'วันสงกรานต์', 'โควิด19วันนี้', 'ถ้าการเมืองดี']"
1381955936995008519,bbbblbblbl,2021-04-13,20:02:25,,หากสนใจสามารถแอดไลน์หรือ มาสอบถามรายละเอียดได้เลยน้าา,"['รีวิวnetflix', 'รีวิวเชียงใหม่', 'รีวิวเซเว่น', 'ส่งต่อเสื้อผ้า', 'ส่งต่อเสื้อผ้ามือสอง', 'สงกรานต์สาดน้ํากันต์', 'ปีใหม่ไทย', 'เชียงใหม่', 'โควิด19วันนี้', 'มิวกลัฟไลฟ์หน่อยหวานใจคิดถึง']"
1381955576498769926,sodajandacha,2021-04-13,20:00:59,,โควิดรอบแรก คนละครึ่ง รอบสองเราชนะ รอบนี้คงมรณะ แล้วครับ,"['โควิด19', 'covid19', 'covid_19', 'โควิด19วันนี้', 'คําคมโดนใจ', 'สู้โควิดด้วยกัน', 'สงกรานต์สาดน้ํากันต์', 'สงกรานต์64', 'เทศกาลสงกรานต์']"
1381954162871558144,sjismypassion,2021-04-13,19:55:22,,เพื่อนมช. ฝากมาค่ะ ช่วยคนละนิด ก็ยังดีค่ะ,"['โควิด19', 'โควิด19วันนี้']"
1381947831758450690,dlifethamma,2021-04-13,19:30:13,,คนที่สนใจเท่านั้นที่จะอ่าน,"['สงกรานต์64', 'โควิด', 'วัคซีนโควิด19', 'covid19', 'ขอคนละชื่อรื้อระบอบประยุทธ์', 'รัฐบาลส้นตีนคนเชียร์ก็ส้นตีน', 'มกปฟก', 'ม33เรารักกัน', 'เราชนะ', 'โควิด19วันนี้', 'ศักดิ์สยาม', 'โควิดทองหล่อ']"
1381938784846053376,peony_tw,2021-04-13,18:54:16,,ที่คอนโดชั้นติดโควิดรายแล้วนะคะ จากอิเคสทองหล่อนี่เเหละ เท่าที่ได้รับเเจ้งคือราย แต่ไม่เเน่ใจว่าจะงอกเพิ่มมาอีกมั้ยนะ,['โควิด19วันนี้']
1381930158513213443,amaratjeab,2021-04-13,18:19:59,,คิดได้ไงใช้งบไปฉีดพ่นยาฆ่าเชื้อปูพรมตามก้อนหินก้อนดินในพื้นที่ชายแดนโล่งแจ้ง,"['ภาษีกู', 'โควิด19วันนี้', 'รัฐบาลเฮงซวย']"
1381929887980658690,1910rnp,2021-04-13,18:18:54,,ทำไมกูต้องมาทนทุกข์ทรมานกับโควิดเพราะคนบ้าหีวะ ไม่เข้าใจ,"['โควิด', 'โควิด19วันนี้', 'โควิดเชียงใหม่']"
1381929710574133251,iammee_me,2021-04-13,18:18:12,,บุ๋ม จวกสาวรู้ตัวติดโควิด นั่งเครื่องบินกลับนครศรีฯ ชี้ควรมีบทลงโทษอย่างไร,"['โควิดวันนี้', 'โควิด19', 'โควิด19วันนี้', 'วัคซีน', 'โควิดทองหล่อ']"
1381928153103273985,skynethai,2021-04-13,18:12:01,,ใครรู้ตัวว่ามีอาการ ต้องเข้ากระบวนการรักษาด่วน เพื่อส่วนรวม,"['โควิดวันนี้', 'โควิด19', 'โควิด19วันนี้', 'วัคซีน', 'โควิดทองหล่อ']"
1381927918972985344,skynethai,2021-04-13,18:11:05,,อย่าพึ่งเอาการเมืองกันมากนัก ช่วยประชาชนกันก่อนนะ,"['โควิดวันนี้', 'โควิด19', 'โควิด19วันนี้', 'วัคซีน', 'โควิดทองหล่อ']"
1381927688475041798,smchays,2021-04-13,18:10:10,,ใครไม่ฉีด เราฉีด กันไว้ดีกว่าแก้,"['โควิดวันนี้', 'โควิด19', 'โควิด19วันนี้', 'วัคซีน', 'โควิดทองหล่อ']"
1381927520312823808,smchays,2021-04-13,18:09:30,,ทุกภาคส่วน ร่วมด้วยช่วยกันเต็มที่,"['โควิดวันนี้', 'โควิด19', 'โควิด19วันนี้', 'วัคซีน', 'โควิดทองหล่อ']"
1381926606243950592,arun_pasutha,2021-04-13,18:05:52,,เรื่องโควิด ผมว่าส่วนใหญ่ไม่มีใครโทษหมอหรือพยาบาลแถมเราขอเป็นกำลังใจให้ด้วยครับผม แต่ส่วนตัวแค่คาดหวังว่า รัฐบาลน่าจะบริหารจัดการได้ดีกว่านี้ ภาพรวมเรื่องโควิดนะครับ,"['โควิด', 'โควิดทองหล่อ', 'โควิด19วันนี้']"
1381926058174214148,faengfinfang,2021-04-13,18:03:41,,สภายังไม่ให้เขานั่ง มาทวงมาถามอะไรก๊อนน สติ ไปถามนายกนู้น ไป๊,"['โควิดเชียงใหม่', 'โควิด19วันนี้']"
1381925543969353731,advengerhanaka,2021-04-13,18:01:39,,ผอ.สถาบันวัคซีน ย้ำ วัคซีนซิโนแวคแอสตร้าฯ มีประสิทธิภาพ ป้องกันป่วยตาย,"['โควิดวันนี้', 'โควิด19', 'โควิด19วันนี้', 'วัคซีน', 'โควิดทองหล่อ']"
1381922510413778944,guccigangkpop,2021-04-13,17:49:36,,พร้อมส่งทุกวัน แมสเกาหลี ทางการเกาหลีประกาศให้ใช้มีแบบ ลองเอาไปใช้ดูก่อนได้นะคะ แมสหนา นุ่มไม่บาดผิว ชิ้นแพค ค่าส่งมีโปรบ,"['วัคซีนโควิด19', 'หน้ากากอนามัยkf94', 'โควิด19วันนี้', 'ไอดอลใช้', 'โควิด', 'โควิดทองหล่อ', 'หน้ากากอนามัย', 'โควิด19', 'โควิดเชียงใหม่', 'ตลาดนัดอซท']"
1381904021145808897,nooduean365,2021-04-13,16:36:07,,ช้อปยังไงก็ปลอดภัยจากโควิด เพียงช้อปออนไลน์กับคิงเพาเวอร์ พิเศษใส่โค้ด ก็จะได้รับส่วนลดพิเศษเยอะแยะมากมาย ที่,"['kingpoweronline', 'kingpowerexclusive', 'โควิด19วันนี้', 'สงกรานต์ทิพย์กับต้าวแสบ']"
1381901222987227145,nutkponyo,2021-04-13,16:25:00,,อุดรวันนี้เพิ่มมา ราย,"['อุดรธานี', 'โควิด19', 'โควิด19วันนี้']"
1381900570420645888,dkfhs585mjofrd2,2021-04-13,16:22:25,,จะตั้งอธิกรณ์ท่านได้ไหม ท่านนี่รู้ดีนะ เป็นแค่เพียงสมมุติสงฆ์ยังมีกิเลสเหมือนคนทั่วไป เพียงแค่นุ่งห่มจีวร แต่ทำตัวเหมือนอรหันต์ มาตัดสินเพศวิถีใครถูกใครผิด องค์พระสัมมาสัมพุทธเจ้าพระองค์ยังไม่เคยตัดสินว่า ความรักแบบไหนถูกแบบไหนผิด,"['รัฐบาลส้นตีนคนเชียร์ก็ส้นตีน', 'โควิด19วันนี้']"
1381899860480294914,khunpjj,2021-04-13,16:19:35,,แนะนำจุดตรวจ ลดจาก เหลือ แล้วนะ,"['โควิด', 'โควิด19วันนี้', 'โควิด19', 'โควิดทองหล่อ', 'พรกฉุกเฉิน']"
1381899698785558535,gpungkang,2021-04-13,16:18:57,,หนู เทอคนแรกเลยจ่ะหนู หยุดด หยุดพูดดด แค่นี้ยังดูโง่ไม่พอหรอจ๊ะหนู,['โควิด19วันนี้']
1381899463296380936,summerlalamay,2021-04-13,16:18:01,,โควิดรอบนี้คือคิดกันง่ายมากเลยหรอ ทำไมคนติดเยอะจัง คือความเข้าใจของเราตอนนี้คือถ้าใส่หน้ากาก ล้างมือบ่อยๆไม่ไปที่ทีคนเยอะๆก็คือเราปลอดภัยใช่ไหม แล้วที่เค้าติดกันเยอะๆนี่เกิดอะไรขึ้น,['โควิด19วันนี้']
1381897797780172805,suchi58085285,2021-04-13,16:11:24,,โรงพยาบาลสนาม จ.นครสวรรค์ พร้อมรับมือโควิด รู้ยังทหารมีไว้ทำไม,"['โควิด19วันนี้', 'โควิด19เราต้องรอด', 'ทหารมีไว้ทำไม']"
1381897296699301891,preangji,2021-04-13,16:09:24,,เฮ้อออออ วันนี้แม่หน้าเศร้ามาก เดินเข้ามาในห้อง บอกว่าจะไปหาของมาขายอีกแล้ว...แม่บอกตอนแรกโต๊ะจีนกลับมาแล้ว เต็มกระดานเลยทั้งเดือน แต่เมื่อวานคืนโต๊ะหมดเลย.. รบ.ทำเชี่ยไรได้บ้างอ่ะ มึงทิ้งปชช.ทิ้งอาชีพพวกเขาหมดเลยอ่ะ โง่ก็ออกไปอิสัส,"['โควิด19วันนี้', 'รัฐบาลส้นตีนคนเชียร์ก็ส้นตีน']"
1381896842019938305,ohkanokkan,2021-04-13,16:07:36,,ปราง ปรางทิพย์ ติด,"['โควิด', 'โควิด19วันนี้']"
1381896181719068676,khaosodonline,2021-04-13,16:04:58,,สธ.จี้เน็ตไอดอลหยุดชวนคนติดโควิดกักตัวที่บ้าน เสี่ยงแพร่เชื้อต่อ ย้ำไม่มารักษาผิดกม.,"['โควิด', 'โควิด19วันนี้']"
1381895692252114950,dkfhs585mjofrd2,2021-04-13,16:03:02,,แล้วรัฐบาลต้องรีบทำแผนสองเลย เพราะส่อเค้าว่ามาแน่ ควรเตรียม ไว้สำหรับคนที่เขามีประกันหรือรับผิดชอบค่าใช้จ่ายได้ เขาจะได้ไม่ต้องแย่งเตียงในโรงพยาบาล เตียงในโรงพยาบาลควรสงวนไว้ให้กับผู้ป่วยภาวะวิกฤตจะดีกว่า,"['รัฐบาลส้นตีนคนเชียร์ก็ส้นตีน', 'โควิด19วันนี้', 'โควิด19']"
1381894197364490241,dkfhs585mjofrd2,2021-04-13,15:57:05,,ถ้ายอดติดเชื้อวันละเฉียดพันแต่คนที่หายป่วยกลับบ้านไม่ถึงร้อย ถ้ายอดติดเชื้อไม่เป็นเลขสองหลัก คิดไว้ว่าไม่เกินเดือน โรงพยาบาลสนามจะเต็ม จะต้องกักตัวผู้ป่วย และผู้เสี่ยงสูงที่ใกล้ชิดผู้ที่ป่วยแล้วให้มากที่สุดและเร็วที่สุด,"['รัฐบาลส้นตีนคนเชียร์ก็ส้นตีน', 'โควิด19วันนี้', 'โควิด19']"
1381892296640106496,daisysuyu,2021-04-13,15:49:32,,มาเรื่อยๆ เลยนะยัยตัวการใหญ่,['โควิด19วันนี้']
1381892232282734593,buffalowking,2021-04-13,15:49:17,,เกร็ดความรู้จากคุณ หมอแล็บแพนด้า..,['โควิด19วันนี้']
1381891618857349122,pach_phs,2021-04-13,15:46:50,,สายพันธุ์ใหม่ ผู้ป่วยมีค่า แพทย์กังวลโควิดลงตับ... อ่อป่าว แดกยาวิเศษเลยตับพัง,"['covid19', 'โควิด19วันนี้', 'สอดอstyle']"
1381891182591045639,amarintvhd,2021-04-13,15:45:06,,แพทย์ต้องดูแลอย่างใกล้ชิด ติดโควิด ชวน กักตัวที่บ้าน อย่าหาทำ อธิบดีกรมควบคุมโรค ฮึ่ม มีความผิดตามกฎหมาย,"['amarintv34', 'อมรินทร์ทีวีเอชดีช่อง34', 'amarinnews', 'โควิด19วันนี้', 'โควิด19', 'กักตัว14วัน', 'กักตัว', 'กักตัวที่บ้าน']"
1381891108716781570,mienoihoisang,2021-04-13,15:44:49,,เป็นไงล่ะ สรรหาตั้งไม่เข้าเรื่อง,['โควิด19วันนี้']
1381890438915706880,thangmay1991,2021-04-13,15:42:09,,ตอนนี้ที่ทำงานมีคนติดโควิด ช่วยแนะนำโรงพยาบาลที่รับตรวจโควิด ที่ไหนดีไม่ดี ช่วยบอกทีค่ะ ทำอะไรไม่ถูกเลย ส่วนตัว เป็นเบาหวานประเภทที่,"['โควิด19วันนี้', 'โควิด', 'covid19']"
1381889929140035584,imdivingtoodeep,2021-04-13,15:40:08,,ชั้นว่ารัฐมีตัวเลขในมือแล้วว่าคนป่วยมีเท่าไหร่ แต่ปล่อยทีละเก้าร้อยกว่าๆ อีกพักนึงน่าจะปล่อยตัวเลขที่พันนิดๆ แล้วค่อยๆขยับไปเรื่อยๆอะ เอาล่ะ ภายในเดือนหน้าพีคแน่,['โควิด19วันนี้']
1381889906599849986,thenorth_tpbs,2021-04-13,15:40:02,,เมษา ถ้าปกติเวลานี้เฮาจะได้สรงน้ำพระพุทธสิหิงค์ ที่จะต้องแห่จากแยกสันป่าข่อย ผ่านประตูท่าแพ มายังวัดพระสิงห์ แต่ปีนี้ไม่มีขบวนแต่สามารถไปสรงน้ำพระได้ที่วัด แอดเลยเก็บภาพมาฝาก,"['โควิดเชียงใหม่', 'โควิดวันนี้', 'โควิด19วันนี้', 'covid19', 'สงกรานต์2564', 'thenorthองศาเหนือ']"
1381889119664541697,k_sapmuangau,2021-04-13,15:36:55,,#โรงพยาบาลสนามเชียงใหม่,"['โรงพยาบาลสนามเชียงใหม่', 'โรงพยาบาลสนาม', 'มหาวิทยาลัยแม่โจ้', 'โควิดเชียงใหม่', 'โควิด19วันนี้', 'โควิด19เราต้องรอด', 'covid19']"
1381889043227545602,sstillinmind,2021-04-13,15:36:36,,โคตรจะนัมเบอร์วันเลย แล้วการกินเลี้ยงสถานที่นี้ คนไม่ต่ำกว่าแน่ๆ ทั้งขาจร ที่ผ่านแล้วแวะดื่ม ไม่ได้อยากให้เป็นประเด็นดราม่า แต่ก็คิดถึงส่วนรวม ว่า เอ้าแล้วคนที่เค้าป้องกันตัวเอง นู่นนี่นั่น อาจมีทามไลน์ได้ไปเจอคนกลุ่มนี้ แล้วถ้าแบบมันมีคนติดโควิดล่ะ,['โควิด19วันนี้']
1381888968183083008,khunmilkkk,2021-04-13,15:36:18,,หายแล้วไม่มีอาการแล้ว ไม่ไข้แล้ว ไม่เจ็บคอด้วย ไม่ไอ ไม่อะไรทั้งสิ้น ไม่อยากอยู่แล้วววว เก็บเตียงไว้ให้คนป่วยนอนได้แล้วค่าาาา ให้หนูกลับบ้านเถอะ เก็บไว้ทำอะร๊ายยยยย,"['โควิด19วันนี้', 'โควิทวันนี้', 'โควิด']"
1381888858799763459,khunpjj,2021-04-13,15:35:52,,แปะไว้ดู.. กับเงินภาษีที่เสียไป กว่าปี,"['รัฐบาลเฮงซวย', 'โควิด19วันนี้', 'โควิดวันนี้', 'โควิดทองหล่อ', 'พรกฉุกเฉิน', 'covid19', 'covid_19', 'covid19thailand']"
1381887898702671873,smchays,2021-04-13,15:32:03,,โคราชเร่งสอบคลัสเตอร์หมูกระทะ เจ้าของร้านติดด้วย พบลูกค้าใช้บริการ คน,"['โควิดวันนี้', 'โควิด19', 'โควิด19วันนี้', 'วัคซีน', 'โควิดทองหล่อ']"
1381887744574545922,laothong19,2021-04-13,15:31:27,,สักแต่จะพูดเนาะ,['โควิด19วันนี้']
1381886075212234755,alltransitory,2021-04-13,15:24:49,,โว้ย เขาแฟลชม็อบกันเดือนก่อน แต่ตอนนี้ฝรั่งเศสล็อกดาวน์แบบเต็มที่ ห้ามทุกอย่าง ไม่ใช่ล็อกดาวน์หลอก ๆ แบบไทยเมื่อปีก่อนนะ นี่เวรกรรมอะไรของข้าพเจ้าเนี่ย นอกจากจะเจอรัฐบาลบริหารงานแย่ ฝ่ายค้านยังนำเสนออะไรแบบโง่ ๆ อีก,"['โควิด', 'โควิด19วันนี้', 'โควิด19']"
1381885702770544644,num_tann_hwan,2021-04-13,15:23:20,,อันนี้คืออย่างได้วะแกรรรรรรร,['โควิด19วันนี้']
1381881035646853122,teenee_chan,2021-04-13,15:04:47,,สถานการณ์โควิด จันทบุรี ผู้ติดเชื้อรายใหม่ ราย รวมสะสม ราย,"['จันทบุรี', 'โควิด19', 'โควิด19วันนี้']"
1381880865307828226,proadnarach,2021-04-13,15:04:07,,สธ.เร่งสอบเน็ตไอดอลป่วยโควิดไลฟ์แนะนำให้ผู้ติดเชื้อรักษาตัวอยู่บ้าน ย้ำผิดกฎหมาย ขอให้เข้าสู่ระบบการรักษาโดยด่วน,['โควิด19วันนี้']
1381880579373768705,boboburry,2021-04-13,15:02:58,,ไม่มีต่อมจิตสำนึกค่ะ ยังไม่รู้ว่าติด ก็น่าเห็นใจเพราะไม่รู้ แต่นี่รู้ทั้งรู้แล้วยังเดินทางต่อ หืมมมมม มันนน่าานัก,"['โควิด19', 'โควิดเชียงใหม่', 'โควิด19วันนี้']"
1381879716328566784,nskcj11gkvbiujj,2021-04-13,14:59:33,,แค่ครั้งเดียวก็หลอนกันทั่วหน้าแล้ว ไม่ต้องถึง ครั้งหรอก รัฐบาลช่วยแก้ปัญหาควบคุมการระบาดเร็วๆหน่อยได้มั้ย ตรูยังไม่อยากได้สกินทองคำ,"['ทันท่วงที', 'สกินทองคำ', 'ปลดล็อคสกินทองคำ', 'รัฐบาลส้นตีนคนเชียร์ก็ส้นตีน', 'โควิด19', 'สงกรานต์', 'สงกรานต์ทิพย์', 'สงกรานต์64', 'โควิด', 'โควิด19วันนี้']"
1381866692314161152,lucky30416,2021-04-13,14:07:47,,ทุกท่านสามารถสมัครด้วยตัวเองทางเว็บนี้ หรือสมัครผ่านดิฉันโดยตรงค่ะ ตารางเทียบประกันโควิด,"['ประกันโควิด19', 'ประกันโควิด', 'ประกันโควิท', 'ประกันcovid', 'covid19', 'โควิด19วันนี้', 'โควิด19', 'โควิดวันนี้', 'covid']"
1381860644652118016,skynethai,2021-04-13,13:43:46,,รัฐบาลไฟเขียวขรก.ถึงเม.ย.,"['โควิดวันนี้', 'โควิด19', 'โควิด19วันนี้', 'วัคซีน', 'โควิดทองหล่อ']"
1381857426085871616,thenorth_tpbs,2021-04-13,13:30:58,,เตรียมเปิด รพ.สนาม ศูนย์กีฬาเฉลิมพระเกียรติ ม.แม่โจ้ สำหรับผู้ป่วยชายที่ผ่านกระบวนการทางการแพทย์จากโรงพยาบาลสนาม ปี มาแล้ว ประมาณ เตียง ภายในวันที่ เม.ย. ฝ่ายสื่อสารองค์กร ม.แม่โจ้,"['โควิดเชียงใหม่', 'โควิด19วันนี้', 'covid19', 'สงกรานต์2564', 'thenorthองศาเหนือ']"
1381854804536745986,iammee_me,2021-04-13,13:20:33,,ฉุดไม่อยู่ ประจวบฯวันเดียวพบผู้ติดเชื้อโควิด พุ่งเกือบ ราย,"['โควิดวันนี้', 'โควิด19', 'โควิด19วันนี้', 'วัคซีน', 'โควิดทองหล่อ']"
1381853580395614208,citizenthaipbs,2021-04-13,13:15:41,,+เพิ่ม ราย ผู้ป่วยโควิด เชียงใหม่ ทำให้มีผู้สะสมในจังหวัดเชียงใหม่ตอนนี้รวม ราย เม.ย.,"['โควิดเชียงใหม่', 'โควิดวันนี้', 'โควิด19วันนี้', 'covid19', 'สงกรานต์2564', 'thenorthองศาเหนือ']"
1381850974839468034,wikit47,2021-04-13,13:05:20,,มีข่าวลือ อีกแล้ว จากคนใน ก.มหาดไทย บอกมีหนังสือให้นายกเซนต์คำสั่ง ประเทศในวันที่ เมษานี้ ช่วงนี้ข่าวลือเยอะจังฮู้ ขอให้จบแค่ข่าวลือเถอะ,"['โควิด19วันนี้', 'พรกฉุกเฉิน', 'วัคซีนโควิด19']"
1381850959559630849,jolie_chayaa,2021-04-13,13:05:16,,อยู่ห้องจนเบื่อ อยู่จนไม่มีอะไรทำ นั่งดูสตอรี่ ไอจี ดูสตอรี่ ของเพื่อนทุกคนจนหมด มีใครเป็นมั่ง,"['กักตัว', 'โควิดกรุงเทพ', 'โควิด19วันนี้']"
1381850279239327745,pong_evil,2021-04-13,13:02:34,,เจ้าของผับ ยังลอยนวล...,"['โควิด19', 'โควิด', 'โควิด19วันนี้']"
1381850049932447744,zknungning,2021-04-13,13:01:40,,สรุปบุคลากรทางการแพทย์นี่ตรวจโควิดเสียตังเหมือนเดิมใช่แมะ,['โควิด19วันนี้']
1381848743293591552,aaaaa23f,2021-04-13,12:56:28,,#พร้อมส่ง แพคละ ฿,"['พร้อมส่ง', 'แมสเด็ก', 'หน้ากากอนามัย', 'หน้ากากอนามัยพร้อมส่ง', 'แมสเกาหลี', 'แมสญี่ปุ่น', 'หน้ากากอนามัยเด็ก', 'โควิด', 'โควิด19วันนี้', 'โควิดกรุงเทพ', 'โควิด']"
1381848132904919041,nbt2hd,2021-04-13,12:54:03,,สำนักพระราชวัง แจ้งปิดการเข้าชม วัดพระแก้ว พระราชฐานและสถานที่ต่างๆ ตั้งแต่ เมษายนนี้ เป็นต้นไป จนกว่าสถานการณ์แพร่ระบาด,"['โควิด19', 'thailand', 'nbt2hd', 'โควิด19วันนี้', 'โควิด19เราต้องรอด']"
1381845426811203584,supchaivong,2021-04-13,12:43:17,,สวัสดีวันสงกรานต์ครับ ขอให้ปลอดภัยปลอดโรคกันถ้วนหน้า คนที่ติดแล้วก็ขอให้กลับมาแข็งแรงไวๆนะครับบ,"['covid19', 'โควิด19วันนี้']"
1381844446799536130,itheday,2021-04-13,12:39:24,,ประเทศไทยต้องหาที่ตรวจโควิดเอง เสียเงินเอง อนาจแท้,['โควิด19วันนี้']
1381839836718362624,koh_kae777,2021-04-13,12:21:05,,ตัวเลขกลมๆ คือติดวันละพัน,['โควิด19วันนี้']
1381839286346031104,hasaddd,2021-04-13,12:18:53,,อยากถามค่ะ ถามว่าถ้าในตอนนี้มีแค่ ที่สามารถฉีดได้แล้วทุกคน จะฉีดกันไหม ย้ำว่ามีแค่นี้ในตอนนี้ที่กำลังระบาดหนัก,"['โควิด', 'โควิด19', 'โควิดวันนี้', 'โควิด19วันนี้', 'โควิดกรุงเทพ', 'โควิดเชียงใหม่', 'โควิดทองหล่อ', 'คลัสเตอร์สถานบันเทิง', 'นครศรีธรรมราช', 'โควิดบางแค', 'วัคซีนโควิด19', 'วัคซีน']"
1381838330640273408,nbtplk,2021-04-13,12:15:05,,ยอดผู้ติดเชื้อ จ.พิษณุโลก ประจำวันที่ เมษายน เวลา . น. &;&;&; เพิ่ม ราย ยอดรวม ราย,"['โควิด19', 'โควิด19วันนี้', 'พิษณุโลก']"
1382117744456323072,thansettakij,2021-04-14,06:45:23,,สหรัฐระงับฉีดวัคซีนจอห์นสันฯ หลังพบกรณีลิ่มเลือดอุดตัน,"['วัคซีนโควิด19', 'วัคซีนจอห์นสันฯ']"
1382091226049040384,thansettakij,2021-04-14,05:00:00,,สธ.วอนประชาชนเชื่อมั่นต่อวัคซีนโควิดในไทย ย้ำมีประสิทธิภาพสูง,['วัคซีนโควิด19']
1382091148391514112,pnewsstation,2021-04-14,04:59:42,,ห้องข่าวพีนิวส์ ผมฉีดโควิดวัคซีนโดยไม่ต้องลงจากรถ ที่ประเทศสหรัฐอเมริกา,"['covid19', 'โควิดวันนี้', 'โควิดทองหล่อ', 'ดาราติดโควิด', 'วัคซีนโควิด19', 'vaccine', 'ห้องข่าวพีนิวส์', 'ข่าววันนี้', 'ข่าวชาวบ้าน', 'ข่าวต่างประเทศ']"
1382045704600711173,angelshappie,2021-04-14,01:59:07,,อยากฉีดอันใดอันหนึ่ง,['วัคซีนโควิด19']
1382016878738960391,bangkokinsight,2021-04-14,00:04:35,,สธ. กางตัวเลขไทยฉีดวัคซีนโควิด เร็วกว่าเป้า ล่าสุดได้ฉีดแล้ว แสนคน,"['thebangkokinsight', 'โควิด', 'โควิด19', 'วัคซีนโควิด19']"
1382003558631964674,benjea0,2021-04-13,23:11:39,,ไม่มีแผนจัดการยังจะแถ พูดยังงัยก็ฟังไม่ขึ้น,"['โควิด19', 'โควิดทองหล่อ', 'วัคซีนโควิด19']"
1382000656362266628,iiimiraii,2021-04-13,23:00:07,,และแล้ว + ก็ประกาศหยุดใช้วัคซีน &; ชั่วคราวเพื่อสอบสวนโดยผู้เชี่ยวชาญ,"['วัคซีนโควิด19', 'ประยุทธ์ออกไป']"
1381988736498601988,deadlydarklord,2021-04-13,22:12:45,,ฝากแชร์ด้วยนะครับ การปรับการให้บริการ ของ โรงพยาบาลจุฬาลงกรณ์ สภากาชาดไทย ตั้งแต่หลังสงกรานต์ จนถึงสิ้นเดือนเมษายน ครับ,"['โควิด19', 'covid19', 'วัคซีนโควิด19', 'kcmh', 'thethairedcrosssociety', 'chulalongkorn', 'โรงพยาบาลจุฬาลงกรณ์', 'สภากาชาดไทย', 'chulacuteboy', 'mdcu', 'cucld']"
1381986484396290052,88__7__88,2021-04-13,22:03:48,,#หุ้นไทย วันที่ เมษายน,"['หุ้นไทย', 'กรมควบคุมโรค', 'วัคซีนโควิด19']"
1381981751640158210,thaich8news,2021-04-13,21:45:00,,กระทรวงสาธารณสุข สรุปการให้บริการ,"['ฉีดวัคซีน', 'วัคซีนโควิด19', 'ข่าวช่อง8', 'ข่าวช่อง8ครบเครื่องเคียงข้าง', 'ดูช่อง8กดเลข27']"
1381970652052086787,momiji_jk,2021-04-13,21:00:53,,#ขุ่นพระ ช้าแต่ชัวร์ดีกว่านะ อย.สหรัฐฯ และ แนะให้หยุดใช้ วัคซีนของจอห์นสัน แอนด์ จอห์นสัน ที่ต้องฉีดเพียงโดสเดียวต่อคน โดยมีผลข้างเคียงอาการลิ่มเลือด มีอาการรุนแรง คน รอตรวจสอบต่อไป ซึ่งสหรัฐฉีดวัคซีนนี้ไปแล้วเกือบ ล้านโดส,"['ขุ่นพระ', 'วัคซีนโควิด19', 'covid19', 'โควิด19', 'ส่งกำลังใจ']"
1381968490756628480,thestandardth,2021-04-13,20:52:18,,อย.สหรัฐฯ และศูนย์ควบคุมโรคฯ แนะนำหยุดใช้วัคซีนโควิด ของ &; ชั่วคราว เหตุกังวลปัญหาลิ่มเลือด อ่านเพิ่มเติมที่,"['thestandardnews', 'โควิด19', 'วัคซีนโควิด19']"
1381962505526763528,pptvhd36,2021-04-13,20:28:31,,พบผู้ป่วยมีอาการลิ่มเลือดอุดตัน ราย สหรัฐ ระงับการใช้วัคซีนโควิด จอห์นสันแอนด์จอห์นสัน โดยยี่ห้อดังกล่าวได้รับการอนุมัติจาก อย.ไทยแล้วเช่นกัน,"['pptvhd36', 'ช่อง36', 'จอห์นสันแอนด์จอห์นสัน', 'วัคซีนโควิด19', 'ระงับใช้วัคซีน', 'ลิ่มเลือดอุดตัน', 'ฉีดวัคซีน']"
1381961708327948293,lambovino4,2021-04-13,20:25:21,,แล้วสารหนูจบอะไรมาจ๊ะ วิศวะรึเปล่า สารหนูก็ไม่ใช่หมอเหมือนกัน อย่าลืมสิ สารหนู,"['วัคซีนโควิด19', 'วัคซีนโควิด', 'โควิด19']"
1381961335324377089,khonbhumjaithai,2021-04-13,20:23:52,,ใจมืดบอด วัชรพงศ์ อัด วิโรจน์ ปมโพสต์สะใจ เห็นคนติดโควิด .,"['พรรคภูมิใจไทย', 'กระทรวงสาธารณสุข', 'โควิด19', 'วัคซีนโควิด19']"
1381957357068984322,mslpm3,2021-04-13,20:08:04,,แต่ละตัวที่เอาเข้ามาในไทย ดีๆ ทั้งนั้น,"['วัคซีนโควิด19', 'โควิด19']"
1381952684987576323,unixft,2021-04-13,19:49:30,,นอร์เวย์ฉีดวัคซีนยี่ห้อหนึ่งแล้วเสียชีวิต คน พึ่งผ่านไป เดือนกว่าๆ อย่าทำเป็นลืมสิ จะเอา,['วัคซีนโควิด19']
1381951001318461444,ddc_riskcom,2021-04-13,19:42:48,,ขอให้มั่นใจประสิทธิภาพวัคซีนที่ใช้ในไทย ในเรื่องลดความรุนแรงและลดอัตราการตาย ได้ โดยวัคซีนได้รับรองจาก ผู้เชี่ยวชาญในไทยและ องค์การอนามัยโลก,"['วัคซีนโควิด19', 'กรมควบคุมโรค']"
1381949948564926465,aticontrary,2021-04-13,19:38:37,,ไงเอ๋ สบายดีนะไอสัส,"['โควิด19', 'อนุทินกระจอก', 'โควิดกระจอก', 'วัคซีนโควิด19', 'วัคซีนกูอยู่ไหน', 'วันสงกรานต์']"
1381948243282567181,aticontrary,2021-04-13,19:31:51,,สู้ไม่ได้อ้างคนที่อยู่สูงกว่า เป็นบุญเป็นคุณ,"['อนุทินกระจอก', 'โควิด19', 'วัคซีนโควิด19']"
1381943406805405699,matichontv,2021-04-13,19:12:38,,วิโรจน์ ไล่ อนุทิน ใช้ปัญญาหาวัคซีน ดีกว่าเฝ้าทวิตเตอร์ ถามลั่นอยากเป็นรมต.หรือไอโอ,"['วิโรจน์ลักขณาอดิศร', 'ก้าวไกล', 'อนุทิน', 'โควิด19', 'วัคซีนโควิด19']"
1381933599524495362,a_pluem,2021-04-13,18:33:39,,ทำไมทุกวัคซีนที่มีปัญหาอยู่ในไทย,['วัคซีนโควิด19']
1381931715887734787,thestandardth,2021-04-13,18:26:10,,เราจะได้ทุกอย่างคงไม่ใช่ นพ.ยง ชี้ ขณะนี้โลกยังไม่มีวัคซีนโควิด ที่ดีที่สุด หรือวัคซีนในอุดมคติ โดยวัคซีนที่ใช้ขณะนี้มีมากกว่า ชนิดหรือยี่ห้อ โดยแต่ละชนิดยังมีทั้งจุดเด่นและจุดด้อยที่ต้องพัฒนาเพิ่มขึ้นอีก,"['thestandardnews', 'โควิด19', 'วัคซีนโควิด19']"
1381929355517947905,blackcatkaizer,2021-04-13,18:16:48,,เมื่อประสิทธิภาพวัคซีน มีแค่ราวๆ ก็ดัดคำพูดเป็น ประสิทธิภาพวัคซีน ไม่เต็ม ซึ่งก็ไม่มีวัคซีนตัวไหนประสิทธิภาพ ให้ดูไม่ต่างจากวัคซีนอื่นๆ ..... อืมม นะ,"['วัคซีนโควิด19', 'วัคซีนโควิด', 'โควิค19', 'โควิด']"
1381927047002386437,iamkanyarat1,2021-04-13,18:07:37,,รับดูดวงจ้า ค่าดูดวงตามศรัทธา คำถามไม่จำกัดค่า มีให้กำลังใจด้วยนะคะ ให้เท่าไหร่ก็ได้ค่ะ,"['รัฐบาลส้นตีนคนเชียร์ก็ส้นตีน', 'วันสงกรานต์', 'วันผู้สูงอายุ', 'วัคซีนโควิด19', 'โควิด', 'โควิค19', 'โควิดเชียงใหม่', 'ดูดวงไพ่ยิปซี', 'ของดีบอกต่อ', 'แจก', 'saveรองเท้าแตะ', 'สงกรานต์ทิพย์']"
1381925132659265537,btimes_ch3,2021-04-13,18:00:01,,คุยกับบัญชา เข็มเดียวอยู่หมัด วัคซีนกันโควิด จอห์นสัน แอนด์ จอห์นสัน,"['วัคซีน', 'จอห์นสันแอนด์จอห์นสัน', 'วัคซีนโควิด19', 'สหรัฐอเมริกา', 'covid19', 'โควิด19', 'btimes', 'btimes', 'คุยกับบัญชา']"
1381921618084065283,pokrath,2021-04-13,17:46:03,,แต่กราฟก็ขึ้นต่อนะครับเพราะกว่าผลจะเห็นมันใช้เวลาอีกระยะนึง แล้วก็ลงมาแบบชันมาก ปัจจุบันคุมได้ค่อนข้างดีมาก ทั้งเคสใหม่ และการตาย ถ้าสังเกตว่าการตายในช่วงพีคมากกว่า ป่วย ตาย คน นี่เป็นสถานการณ์ที่ระบบสาธารณสุขล่ม เมื่อต้นปีที่ผ่านมาเค้าฉีด,['วัคซีนโควิด19']
1381911960220880898,misstoey,2021-04-13,17:07:40,,วัคซีนจากจีนบ้งว่ะ มาสลิ่มมา มาฉะกันหน่อยยยยย,"['วัคซีนกูอยู่ไหน', 'วัคซีนโควิด19', 'sinovac', 'สลิ่มโง่จะพาประเทศพังพินาศ', 'ผู้ติดเชื้อโควิด', 'ผู้นำโง่เราจะตายกันหมด']"
1381911531017793538,teeha_chumnumai,2021-04-13,17:05:58,,เรื่องวัคซีนจีนที่เขาแถลงเนี่ย ไม่ใช่ตะวันตกอะไรเขาดิสเครดิตเลย สื่อเอเชียก็ลงกันเยอะหลายประเทศ จีนเองเนี่ยแหละที่ ไอโอ ขอมูลให้เกลียดอเมริกันมาตลอด,['วัคซีนโควิด19']
1381908993199628295,klapartyth,2021-04-13,16:55:53,,#ประเทศไทย เคยมีช่วงเวลาที่ไม่มีผู้ติดเชื้อ,"['ประเทศไทย', 'โควิด19', 'รัฐบาล', 'วัคซีนโควิด19', 'siambioscience', 'astrazeneca', 'พรรคกล้า']"
1381908675929903105,fm91trafficpro,2021-04-13,16:54:37,,สธ.ยันวัคซีนโควิด ที่ไทยใช้มีประสิทธิภาพสูง,"['วัคซีนโควิด19', 'โควิด19']"
1381905972227149826,watsaindoh,2021-04-13,16:43:53,,จิ้มไปกับวัคซีนที่ร้าบาลการ์ต้าจัดให้ ไม่มี อะไร แค่ปวดแขนข้างที่ฉีด แต่อาจจะขึ้นอยู่กับคนเพราะส่วนใหญ่มีไข้และปวดตัว แต่เดี๊ยนเป็นผู้หญิงถึกเลยไม่เป็นอะไรทั้งนั้น แนะนำว่าก่อนฉีดพักผ่อนให้เพียงพอทานอาหารให้ครบและดื่มน้ำเยอะๆค่ะ,"['วัคซีนโควิด19', 'วัคซีน', 'โควิท19']"
1381898269673021440,aomzmu,2021-04-13,16:13:16,,ตอนฉีดไม่เจ็บเลยทุกคน ส่วนตอนนี้เรายังไม่เป็นไข้นะคะ เพราะหลังจากกลับมาถึงห้องพัก เรากินยาพาราดักไว้ก่อนเลยแล้วพักผ่อนยาวๆ วันนี้ที่ต้องไปทำงานก็คือไหวค่า แค่รู้สึกตึงแขนซ้ายเหมือนตอนฉีดยาปกติเลยย,"['วัคซีนโควิด19', 'covid19']"
1381894395822104578,rubyrubyr2,2021-04-13,15:57:52,,คนขายคนผลิตเค้าบอกว่าของเค้าห่วย นี่ก็จะแถว่าดีอยู่ได้,"['รัฐบาลส้นตีนคนเชียร์ก็ส้นตีน', 'วัคซีนโควิด19', 'ไม่เอาsinovac', 'sinovac', 'antionechina']"
1381883709545136134,thairath_news,2021-04-13,15:15:25,,แต่ละคนตอบโต้และชี้แจงผ่านช่องทางโซเชียลมีเดียของตัวเอง,"['วัคซีนโควิด19', 'โควิด19', 'ไทยรัฐออนไลน์']"
1381880580652953606,thestandardth,2021-04-13,15:02:59,,นับตั้งแต่วันที่ กุมภาพันธ์ ถึง เมษายน ไทยฉีดวัคซีนโควิด แล้ว ราย เฉพาะเดือนเมษายนฉีดไปแล้ว ราย สธ. เผย ฉีดได้เร็วกว่าเป้าหมายที่ตั้งไว้,"['thestandardnews', 'โควิด19', 'วัคซีนโควิด19']"
1381879906636681220,unixft,2021-04-13,15:00:18,,อินเดียอนุมัติให้,['วัคซีนโควิด19']
1381876732232298498,thestandardth,2021-04-13,14:47:41,,วัคซีนที่ดีคือวัคซีนที่มาถึงแขนทุกท่านเร็วที่สุด ผอ. สถาบันวัคซีนแห่งชาติ ยังเชื่อมั่นในประสิทธิภาพวัคซีน ชี้สำหรับผู้ที่อยู่ในข่ายจะได้รับวัคซีนขอให้มั่นใจที่จะเข้ามารับวัคซีน,"['thestandardnews', 'โควิด19', 'วัคซีนโควิด19']"
1381874678931673089,thestandardth,2021-04-13,14:39:32,,ปัจจุบันกัมพูชาได้ฉีด,"['วัคซีนโควิด19', 'thestandardnews', 'โควิด19']"
1381874106140827649,thestandardth,2021-04-13,14:37:15,,รัฐบาลสหราชอาณาจักร ประกาศบรรลุเป้าหมายในการเสนอฉีดวัคซีนเข็มแรกให้ประชาชนที่มีอายุมากกว่า ปี และกลุ่มที่มีความเสี่ยงสูงทุกคนแล้ว เตรียมลุยฉีดวัคซีนประชาชนอายุ ปีเป็นกลุ่มต่อไป,"['thestandardnews', 'โควิด19', 'วัคซีนโควิด19']"
1381870185443860480,suphibul1,2021-04-13,14:21:40,,ข้อควรรู้ จากศ.ดร.นพ.ประสิทธิ์ วัฒนาภา,"['โควิด19', 'วัคซีนโควิด19']"
1381868082491101184,morejern,2021-04-13,14:13:19,,#วัคซีนโควิด ในไทยไม่มาเพราะผลประโยชน์ก้อนใหญ่ที่นักการเมืองรอรับ ยุคแห่งการกอบโกยของรัฐทหาร ยุคแห่งการโกงกินสุดขั้ว,"['วัคซีนโควิด19', 'รัฐบาลส้นตีนคนเชียร์ก็ส้นตีน']"
1381863759023538179,morejern,2021-04-13,13:56:08,,ดีใจที่มีคนขุดมา เพราะหลังจากที่อ่านข่าวคำพูดของ,"['หมอยง', 'วัคซีนโควิด19']"
1381863184642928643,positioningmag,2021-04-13,13:53:51,,ปากีสถาน เปิดให้เอกชนขายวัคซีน ราคาพุ่ง เท่า การเข้าถึงสะท้อนความเหลื่อมล้ำ,"['วัคซีนโควิด19', 'ปากีสถาน', 'โควิด19', 'positioningmag']"
1381862882531364871,morejern,2021-04-13,13:52:39,,มีคนขุดมาแล้ว ค.สัมพันธ์ระหว่าง หมอยง กับ กปปส. และน่าจะเชื่อมโยงสู่ รัฐ คสช.ด้วย,"['ทุกวงการมีทั้งคนดีคนเลว', 'โควิด19', 'วัคซีนโควิด19']"
1381862765162192897,nichal3ungkee,2021-04-13,13:52:11,,งัดข้อมูลล่าสุด วัคซีนซิโนแวคแอสตร้าฯ กันโควิดสูงสุด เซฟตาย เต็ม สยามรัฐ,"['สยามรัฐ', 'โควิด19', 'โควิด', 'โควิดวันนี้', 'covid19', 'covid19', 'วัคซีนโควิด19', 'วัคซีนโควิด']"
1381860609696751617,woraphop87,2021-04-13,13:43:37,,นึกว่าหมอ ที่แท้หมา หมารับใช้เผด็จการ,"['โควิดวันนี้', 'วัคซีนโควิด19']"
1381858662625464323,orathaisem1,2021-04-13,13:35:53,,เหลือเวลาอีกตั้งเยอะ,['วัคซีนโควิด19']
1381857251963531266,dlifethamma,2021-04-13,13:30:17,,การแพร่ระบาด ยังคงมี อยู่บ้านหาหนังสือดีๆ อ่าน จาริกบุญ จารึกธรรม สมเด็จพระพุทธโฆษาจารย์ ป.อ.ปยุตโต หรือ ได้,"['สงกรานต์64', 'โควิด', 'วัคซีนโควิด19', 'covid19', 'ขอคนละชื่อรื้อระบอบประยุทธ์', 'รัฐบาลส้นตีนคนเชียร์ก็ส้นตีน']"
1381850601730965507,markee2002_kobo,2021-04-13,13:03:51,,จากจีนประสิทธิภาพต่ำ อยากเห็นสื่อไทยทำหน้าที่กดดันรัฐบาลให้ทบทวนการสั่งซื้อวัคคซีนจากจีนที่ราคาสูงแล้วยังคุณภาพต่ำกว่ายี่ห้ออื่น,"['โควิท19', 'วัคซีนโควิด19']"
1381850113241358336,spider_vsx,2021-04-13,13:01:55,,เหมือนไม้ตรวจระเบิด เค้าบอกว่าใช้ไม่ได้ มึงก็บอกว่าใช้ได้ วัคซีนเค้าบอกว่า มึงเสือกเถียงแทนเค้าว่า,['วัคซีนโควิด19']
1381846451630694401,unixft,2021-04-13,12:47:22,,เห็นสื่อสามกีบพาดหัวซะเว่อร์ว่า,"['ภูฏาน', 'วัคซีนโควิด19']"
1381840678745858049,iboate,2021-04-13,12:24:25,,ที่บ่น ๆ กันว่าไทยฉีด,['วัคซีนโควิด19']
1381839457209344004,naewna_news,2021-04-13,12:19:34,,อินเดียรับรองสปุตนิกวัคซีนโควิดรัสเซียใช้ในประเทศ กำลังผลิตพร้อมล้านโดสต่อปี ผ่าน,"['วัคซีน', 'วัคซีนโควิด19']"
1381838583800078344,iboate,2021-04-13,12:16:06,,รัฐบาลจ๋า อย่าทำให้กูคิดว่าส่วนหนึ่งที่จัดหา,['วัคซีนโควิด19']
1381833485120282625,sikares,2021-04-13,11:55:50,,สรุปการให้บริการ,['วัคซีนโควิด19']
1381833140579143684,samutsakhon_skn,2021-04-13,11:54:28,,สถานการณ์โควิด ของจังหวัดสมุทรสาคร . เมษายน . เราจะผ่านมันไปด้วยกัน .,"['โควิด', 'โควิด19', 'โควิดวันนี้', 'โควิดสมุทรสาคร', 'มหาชัย', 'โควิดเราต้องรอด', 'สมุทรสาคร', 'covid19', 'เมียนมา', 'พม่า', 'เชิงรุก', 'วัคซีนโควิด19']"
1381832346203086850,talkdi2,2021-04-13,11:51:19,,สถานการณ์ จันทร์ที่ เมษายน ผู้ป่วยรายใหม่ ราย ผู้ป่วยยืนยันสะสม ราย หายป่วยแล้ว ราย เสียชีวิตสะสม ราย,"['talkdi', 'covid19', 'โควิด19', 'วัคซีนโควิด', 'วัคซีนโควิด19', 'สงกรานต์64']"
1381830792096063488,momiji_jk,2021-04-13,11:45:08,,การฉีดวัคซีนของไทย แยกตามกลุ่มเป้าหมาย ถึงวันนี้เราฉีดได้เกินเป้าหมาย,"['วัคซีนโควิด19', 'สู้โควิดด้วยกัน', 'covid19', 'โควิด19', 'ส่งกำลังใจ']"
1381830440563044352,hemogob,2021-04-13,11:43:44,,เงินส่วนต่าง มันอุดปากไว้ค่ะ แล้วหุ้นส่วนของบริษัทวัคซีนก็เจ้าสัว ซึ่งมีผลประโยชน์ร่วมกันอยู่ ทั้งโครงการระดับยักษ์อย่างรถไฟเชื่อม สนามบิน มันเลยทำให้ปากอมสากกะเบือไว้ค่ะ เรียกร้องอะไรลำบาก,['วัคซีนโควิด19']
1381827190103285760,classygirlrich1,2021-04-13,11:30:49,,ตอนนี้เราต้องการวัคซีนเพื่อลดอาการประสาทแดกของคนไทย เราดูข่าวมาตลอดข่าวก็ออกตลอดว่าซิโนแว็คมันได้ผลกว่า ทำไมยังมีเรื่องขุดกลับมามีปัญหากันอีก ไม่เข้าใจ กุนี่ก็ไม่ได้เข้าข้างรบ.นะ แต่เอามาจ่อแขนให้ได้ก่อนค่อยโต้วาทีกัน,['วัคซีนโควิด19']
1381825357045592072,pr_moph,2021-04-13,11:23:32,,แถลงข่าววันที่ เมษายน เวลา . น. สถานการณ์ผู้ติดเชื้อ,"['โควิด19', 'วัคซีนโควิด19']"
1381821227644248067,sangwatosomjai,2021-04-13,11:07:08,,รัฐสภาประชาตะเกียกตะกาย มันอ่านว่าแบบนี้ป่าวคับหู้ยใหญ่มากเลยสวยมากเลยภูมิใจมากครับ,"['ปล่อยเพื่อนเรา', 'พรรคก้าวไกล', 'วัคซีนโควิด19', 'สภาเดี่ยว']"
1381813743982575618,citizen2600,2021-04-13,10:37:24,,ไม่มี ให้กับสี่ภาพนี้ ขอให้มิตรสหายที่เป็นผู้รัก ปชต.รักความจริง รักความยุติธรรม ไม่เอาเผด็จการใส่คำบรรยายกันตามอัธยาศัยครับ,"['โควิด19', 'วัคซีนโควิด19']"
1381813276938412037,sikares,2021-04-13,10:35:32,,ติดเชื้อหลังฉีด,['วัคซีนโควิด19']
1381811258010169344,thestandardpop,2021-04-13,10:27:31,,สรุปวิธีตรวจอาการตาแดง ตาแดงแบบไหนคืออาการแพ้ และแบบไหนคือสาเหตุจากการติดโควิด อ่านรายละเอียดเพิ่มเติมที่,"['thestandardinfographic', 'thestandardpop', 'วัคซีนโควิด19']"
1381810879293878277,thestandardth,2021-04-13,10:26:01,,อิสราเอลและชิลี ต่างมีความโดดเด่นในการฉีด,"['วัคซีนโควิด19', 'thestandardnews', 'โควิด19']"
1381809839748214789,thestandardth,2021-04-13,10:21:53,,เป็นไปได้ไหมที่เราจะสามารถติดเชื้อโควิด ได้อีกแม้จะฉีดวัคซีนแล้ว มีโอกาสติดเชื้อยากง่ายแค่ไหน เราควรต้องกังวลหรือไม่,"['thestandardnews', 'โควิด19', 'วัคซีนโควิด19']"
1381809706260303885,lalala_kid,2021-04-13,10:21:21,,แล้วคิดดูว่า เรื่องวัคซีนที่นางพูดมา จะเชื่อถือได้มั้ยอ่ะ,"['โควิด', 'โควิดทองหล่อ', 'โควิด19', 'โควิดเชียงใหม่', 'ทีมมช', 'รัฐบาลส้นตีนคนเชียร์ก็ส้นตีน', 'โควิดวันนี้', 'วัคซีนโควิด19', 'วัคซีนโควิด', 'วัคซีน', 'วัคซีนพระราชทาน']"
1381807042030137349,thairath_news,2021-04-13,10:10:46,,ไม่แผ่วเลย... รมว.สาธารณสุข บอก ไม่ต้องมากราบอกแบบหนที่แล้ว หรือมากราบเท้าคราวหน้า แต่ขอให้กราบแผ่นดิน เพื่อสำนึกคุณที่ให้ที่ยืน ที่อยู่ ที่คุ้มหัวอย่างปลอดภัย,"['วัคซีนโควิด19', 'โควิด19', 'ไทยรัฐออนไลน์']"
1381806686411747334,shit_thon,2021-04-13,10:09:21,,ตอแหลไม่เลิกนะครับ ถ้าสิ่งที่บอกนี้ หมายถึงวัคซีน ถามจริงๆ เถอะครับ อ่านข่าวบ้างไหม ทางการจีนก็บอกว่า สำนักข่าวทางตะวันตกตัดต่อ ซึ่งไม่ได้หมายความแบบนั้นเลย,"['โควิด19', 'วัคซีนโควิด19']"
1381803708497944576,imshadowdar,2021-04-13,09:57:31,,#วัคซีนโควิด ของ เราตอนนี้คือไม่ต้องนัดแล้ว ได้เลย มีทั้ง และ ขอแค่อายุเกิน,['วัคซีนโควิด19']
1381801944977530880,kom_chad_luek,2021-04-13,09:50:30,,วัคซีนโควิด คือคำตอบสุดท้าย คำถามคาใจ ฉีดดีไม่ฉีดดี,"['คมชัดลึก', 'ข่าววันนี้', 'วัคซีนโควิด19', 'twitterthailand']"
1381798252568317952,thairath_news,2021-04-13,09:35:50,,ยิ่งลักษณ์ ระบุ รู้สึกเศร้าใจที่ยังไม่เห็นความพยายามในการแก้ปัญหาของรัฐบาลที่จะบริหารจัดการ และยังไม่นับรวมถึงปัญหาการเข้าถึงวัคซีนที่ยังต่ำไม่ทั่วถึง,"['วัคซีนโควิด19', 'โควิด19', 'สงกรานต์2564', 'ไทยรัฐออนไลน์']"
1381798140987072520,balaba2000,2021-04-13,09:35:24,,ใครก็ได้ช่วยบอก กุ ที ว่า แท้หรือจริง ดีหรือเลว ไม่รู้จะเชื่อใคร ประเทศพัง,['วัคซีนโควิด19']
1382121191515648000,tpmhok,2021-04-14,06:59:05,,#พังงา ทหารเรือมาแรงมากกก ที่พังงา,"['พังงา', 'โควิด19']"
1382121022690758656,moby0372,2021-04-14,06:58:25,,ผู้คนดูมีปัญหากับคนป่วยโควิดที่นั่งเล่นเกม ปัญหาอยู่ที่มายเซทที่มีต่อเกมรึป่าว ถ้าเปลี่ยนจากเล่นเกมเปนนั่งอ่านหนังสือ จะโดนด่ามั้ย,['โควิด19']
1382120234060976128,fm91trafficpro,2021-04-14,06:55:17,,จังหวัดชลบุรี รายงานวันนี้ พบผู้ติดเชื้อโควิด รายใหม่อีก ราย,"['โควิดชลบุรี', 'โควิดวันนี้', 'โควิด19', 'fm91']"
1382119661093810177,boy34999903,2021-04-14,06:53:00,,ประเทศไทยดารา หยุดความรุนแรง อิสัส มึงดูเมกา สันตีน อิห่าแอ๊บเก่งนะประเทศเรา พวกมึงอย่าลืมแท็ก นะ,"['มีล่า', 'บนเตียงดารา', 'โควิด19']"
1382119018748780545,52hzworld,2021-04-14,06:50:27,,ถ้าอย่างนั้นก็เปิดโอกาสให้คนอื่นเป็นแทนก็ดีนะครับ งั้นก็ลองลาออกก่อนไหมครับ,"['โควิด19', 'โควิดวันนี้']"
1382119003200528387,beebeezzz33,2021-04-14,06:50:23,,เก๋มากค่ะซิสปรบมือ ตอนโควิดเชียงใหม่ทองหล่อ ระบาดๆหนัก ผจว.มีคำสั่งไม่ต้องกักตัว เป็นไงค่ะ,['โควิด19']
1382118772471853056,sunaibkk,2021-04-14,06:49:28,,ถึงกรมประชาสัมพันธ์จะลบโพสต์ไปแล้ว แต่กองทัพบกยังต้องตอบคำถามเรื่องทหารเอาน้ำยาฆ่าเชื้อไปพ่นในป่าโดยอ้างว่าเพื่อป้องกัน,"['โควิด19', 'ส่องทวิตยามเช้า']"
1382117194901856258,tik_tr,2021-04-14,06:43:12,,อย่าใช้ชีวิตประมาท คนที่เขาลำบากกว่าคุณก็คือทีมแพทย์,"['สู้ๆนะคะ', 'อยู่บ้านหยุดเชื้อเพื่อชาติ', 'โควิด19', 'โควิดวันนี้', 'saveทีมแพทย์']"
1382115926158446592,niphaphano,2021-04-14,06:38:09,,เราเคยเห็นรัฐบาลและคณะทำงานของเขา ตอบอะไรด้วยเหตุผลและข้อเท็จจริง. พอคนรุ่นใหม่ไม่ยอมรับเขาก็หาว่าถูกล้างสมอง ประชาชนอยากถูกรัฐฯล้างสมองบ้าง ด้วยข้อมูลและข้อเท็จจริง ช่วยทำหน่อย,"['โควิด19', 'วัคซีนโควิด']"
1382115579083911168,bonniejee,2021-04-14,06:36:47,,ไปติดโควิดมาจากข้างนอก คนที่เดือดร้อนที่สุดคือคนในบ้าน แล้วไม่ออกไปได้ไหม ทั้ง ๆ ที่ยังต้องทำมาหากิน,['โควิด19']
1382112694694682625,bebluebebe,2021-04-14,06:25:19,,งานไทยเเท้ เกรดเเพทย์ มีอย. เเละใบเซอร์รองรับ ป้องกัน. มีตราปั๊มทุกเเผ่น เช็คเครดิตได้ก่อนน้า,"['หน้ากากอนามัย', 'หน้ากากอนามัยทางการแพทย์', 'แมส', 'โควิด19', 'โควิดวันนี้']"
1382112651484962819,bebluebebe,2021-04-14,06:25:09,,งานเด็กสีขาว เกรดใช้ทางการเเพทย์ งานไทยเเท้ๆค่ะ ป้องกัน. ขนาด ×. เช็คเครดิตได้ก่อนจ้า,"['หน้ากากอนามัย', 'หน้ากากอนามัยทางการแพทย์', 'โควิดวันนี้', 'โควิด19']"
1382112602419908609,bebluebebe,2021-04-14,06:24:57,,งานไทยเเท้ เกรดเเพทย์ สีเขียวเเละขาวงานนิ่ม กัน. งานมีตราปั๊มทุกเเผ่น เช็คเครดิตได้จ้า,"['หน้ากากอนามัย', 'หน้ากากอนามัยทางการแพทย์', 'แมส', 'โควิด19', 'โควิดวันนี้']"
1382112556454539265,bebluebebe,2021-04-14,06:24:46,,งานไทยเเท้ เกรดเเพทย์ สีดำสนิททั้งด้าน ป้องกัน. งานมีตราปั๊มทุกเเผ่น สั่งผ่านหรือไลน์ เช็คเครดิตได้จ้า,"['หน้ากากอนามัย', 'หน้ากากอนามัยทางการแพทย์', 'แมส', 'โควิด19', 'โควิดวันนี้']"
1382112307526869000,thansettakij,2021-04-14,06:23:47,,อัพเดต จังหวัด ต้องกักตัวเดินทางมาจากนอกพื้นที่หรือพื้นที่เสี่ยงสูง เช็กที่นี่,"['covid19', 'โควิด19']"
1382111982438912000,thaipbsnews,2021-04-14,06:22:29,,วันนี้ เม.ย. รายงานข่าวจากสำนักงาน ป.ป.ช.แจ้งว่า มีเจ้าหน้าที่ติดเชื้อ,"['โควิด19', 'covid19']"
1382111433299611651,thansettakij,2021-04-14,06:20:18,,รวมข่าว โควิด วันที่ เม.ย. แบบอัพเดทล่าสุด,"['covid19', 'โควิด19', 'โควิดวันนี้']"
1382111006478925825,thansettakij,2021-04-14,06:18:36,,ลงทะเบียนล่วงหน้าได้แล้ว ตรวจโควิดฟรี ผู้ประกันตนกลุ่มเสี่ยง,"['covid19', 'โควิด19', 'โควิดวันนี้']"
1382110606736510978,faisnsd,2021-04-14,06:17:01,,คุณวิโรจน์ได้พูดแทนใจเราไปหมดแล้วววว ขอบคุณมากๆๆๆค่ะ ส่วน,"['อนุทิน', 'รัฐบาลส้นตีนคนเชียร์ก็ส้นตีน', 'โควิด19', 'โควิด', 'โควิดวันนี้']"
1382109154148425730,tthanomnua,2021-04-14,06:11:15,,#กักตัว ... จังหวัด,"['กักตัว', 'โควิด19']"
1382108839063982081,thansettakij,2021-04-14,06:10:00,,วันนี้ รพ.จุฬาลงกรณ์ ออกประกาศปิดให้บริการตรวจเชื้อโควิด เปิดให้ตรวจวันที่ เม.ย.,"['covid19', 'โควิด19', 'โควิดวันนี้']"
1382108501237899264,mgronlinelive,2021-04-14,06:08:39,,กระหึ่มโซเชียลตรัง โวยสถานบริการบางแห่งไม่ยอมปิดตามประกาศจังหวัดตรัง เพื่อควบคุมการแพร่ระบาดโควิด แปลงร่างเป็นร้านอาหารเปิดต่อ ผอ.ศูนย์ดำรงธรรมยอมรับมีบางร้านแอบเปิดแบบแปลงสภาพ ด้วนผู้ว่าฯ ทราบเรื่อง สั่งนายอำเภอเมืองไปจัดการแล้ว .,['โควิด19']
1382106750166265860,traffic_1197,2021-04-14,06:01:42,,สงขลาปิด ชายหาดพื้นที่เสี่ยง ถึง เม.ย. ฝ่าฝืนจำคุกไม่เกิน ปี ปรับไม่เกิน แสน,"['โควิด19', 'โควิดวันนี้', 'covid19']"
1382106436197552130,benarnewsthai,2021-04-14,06:00:27,,แกลเลอรี่ภาพ วันปีใหม่ไทยวิถีใหม่ ใต้เงาโควิด .,"['สงกรานต์2564', 'โควิด19', 'ระบาดระลอกที่3', 'กรุงเทพ', 'งดสาดน้ำ', 'งดกิจกรรมรวมตัว', 'songkran2021', 'nowatersplashing', 'covid_19', 'benarnewsthai', 'photo']"
1382106323769253891,thansettakij,2021-04-14,06:00:00,,เนื้อย่างน้ำหวานติดยกร้านโคราชปรับโรงยิมเป็นรพ.สนาม เตียง,"['โควิด19', 'covid19']"
1382103829500416001,traffic_1197,2021-04-14,05:50:05,,นายกรัฐมนตรี ขอความร่วมมือภาครัฐ เต็มขีดความสามารถ เรียนประชุม ถึง เม.ย.,"['โควิดวันนี้', 'โควิด19']"
1382101289388048390,thansettakij,2021-04-14,05:40:00,,ติดเชื้อโควิดพุ่ง ผู้ว่าฯสงขลา ออกประกาศสั่งปิดพื้นที่เสี่ยง แห่ง,"['โควิด19', 'covid19']"
1382100640374026240,fm91trafficpro,2021-04-14,05:37:25,,#อัปเดต สถานการณ์การแพร่ระบาดของไวรัสโควิด ทั่วโลก วันที่ เมษายน เวลา . น.,"['91อัปเดต', 'fm91', 'โควิด19']"
1382098772679749632,sanook,2021-04-14,05:30:00,,หยาดทิพย์อัปเดตอาการ หลังติด,"['โควิด19', 'sanooknews', 'sanook', 'ข่าวบันเทิง']"
1382096256382631936,thansettakij,2021-04-14,05:20:00,,ดร.กนกแนะรัฐแก้ปัญหาโควิดรอบ หยุดให้ราชการจูงจมูก,"['โควิด19', 'covid19']"
1382095071495942147,fm91trafficpro,2021-04-14,05:15:17,,วัดพระศรีรัตนมหาธาตุวรมหาวิหาร พิษณุโลก งด การเข้านมัสการพระพุทธชินราช ภายในพระวิหาร ตั้งแต่ วันที่ เมษายน เป็นต้นไป สถานการณ์วิกฤตโรคระบาดติดเชื้อ โควิด จะดีขึ้น,"['fm91', 'โควิด19']"
1382091561597427712,teeneecom,2021-04-14,05:01:20,,#โควิด สาวสุดช็อกถูกแจ้งติดโควิด สุดท้ายไม่ได้ป่วย นอนร่วมห้องผู้ติดเชื้อวัน ผ่าน,['โควิด19']
1382089809510891520,jiin24th,2021-04-14,04:54:23,,#โควิด แย่ฟ้องใครได้บ้าง,['โควิด19']
1382083416800124929,ssudap2_,2021-04-14,04:28:59,,หน้ากากอนามัย ชั้น ทุกสี . พร้อมส่ง สอบถามได้เลยค้า กดลิ้งค์เพื่อสั่งสินค้า กลุ่มเช็คเครดิต,"['หน้ากากอนามัย', 'หน้ากากอนามัยราคาถูก', 'โควิด19', 'หน้ากากอนามัยพร้อมส่ง', 'โควิดเชียงใหม่', 'โควิดกรุงเทพ', 'หน้ากากอนามัยสีดำ']"
1382083409170763777,reven66295097,2021-04-14,04:28:57,,เหี้ยไรวะเนี้ยยยยยยยย โว้ยยยยยย,"['โควิด19', 'โควิดวันนี้']"
1382083330066186240,ssudap2_,2021-04-14,04:28:38,,ฟ้าลังละ . รวมส่ง พร้อมส่ง ยกลัง กล่อง กดลิ้งค์เพื่อสั่งสินค้า กลุ่มเช็คเครดิต,"['หน้ากากอนามัย', 'หน้ากากอนามัยราคาถูก', 'โควิดสมุทรปราการ', 'โควิด19', 'โควิดกรุงเทพ', 'หน้ากากอนามัยพร้อมส่ง', 'โควิดวันนี้', 'โควิดเชียงใหม่']"
1382083289599463425,sept11mbre,2021-04-14,04:28:28,,อีกรี จะสุ่มแจกแล้วนะงับบ ใครทำตามกติกาแล้ว เม้นได้เยย,"['สงกรานต์2564', 'รัฐบาลส้นตีนคนเชียร์ก็ส้นตีน', 'ยกเลิกเกณฑ์ทหาร', 'ดีบอกต่อ', 'แจกฟรี', 'saveตัวเองก่อน', 'โควิด19']"
1382081163330785280,kthatar,2021-04-14,04:20:01,,สิ่งที่ทั้งโลกกำลังเจออยู่เนี่ย มันโทษใครอะไร ได้บ้างวะ ไม่ต้องพูดว่าโทษไปแล้วจะได้อะไร กูแค่อยากโทษใครอะไร บ้าง เพราะมันมีคนโทษตัวกูที่โดนว่าไม่กักตัว แต่ต้องเสนอหน้าไปเรียน,['โควิด19']
1382081156800258050,thansettakij,2021-04-14,04:20:00,,เชียงใหม่ ส่อวิกฤติวันเดียวติดโควิดเพิ่ม ราย สะสมพุ่งทะลุพัน,"['โควิด19', 'covid19']"
1382078954178232332,kthatar,2021-04-14,04:11:15,,อีควายตัวไหนที่เคยออกมายืนพูดกับนักข่าวว่า,"['ให้มองโควิดเป็นแค่ไข้หวัดชนิดหนึ่ง', 'โควิด19']"
1382078457719439367,benarnewsthai,2021-04-14,04:09:16,,สธ. คาดถ้าไม่มีมาตรการคุมโควิด จะมีผู้ติดเชื้อถึง พันคนต่อวัน .,"['ติดโควิดระลอก3', 'วันสงกรานต์', 'โควิด19', 'สถานบันเทิง', 'กรุงเทพ', 'สถานบริการ', 'ปิดสถานบริการ', 'ระบาดระลอกใหม่', 'songkran', 'thainewyear', 'covid_19', 'vaccines', 'outbreak', 'benarnewsthai']"
1382076129230647299,thansettakij,2021-04-14,04:00:01,,เปิดจุดเสี่ยงโควิดเชียงใหม่ ใครไปเช็กด่วน,"['โควิด19', 'covid19']"
1382071090554445824,thansettakij,2021-04-14,03:40:00,,เปิดรายละเอียดผู้ติดเชื้อโควิด รายใหม่ ราย,"['โควิด19', 'covid19']"
1382067485134835713,fm91trafficpro,2021-04-14,03:25:40,,จังหวัดพิษณุโลก ได้รับรถพระราชทานฯจากในหลวง เข้าทำการตรวจเชิงรุกหาเชื้อ ในประชาชนกลุ่มเสี่ยงและนิสิตมหาวิทยาลัยนเรศวร,"['fm91', 'โควิด19']"
1382066118915854337,2jismymenname,2021-04-14,03:20:14,,น้าค่อมมมมมม บางทีก็ควรมเรื่องมาคลายเครียดบ้างงง หันไมองแม่ขำก๊ากเลยยย ^^,"['โควิด19', 'โหนกระแส']"
1382061677710036993,thaipbs,2021-04-14,03:02:36,,สำรวจย่านทองหล่อ หาคำตอบ ทำเลทองผลประโยชน์ ต้นเหตุโควิด ระบาดระลอกใหม่,"['ที่นี่thaipbs', 'thaipbs', 'covid19', 'โควิด19', 'ทองหล่อ']"
1382061029333508096,thansettakij,2021-04-14,03:00:01,,โควิดระบาดรอบ คนไม่รู้อิโหน่อิเหน่ รับเคราะห์,"['โควิด19', 'covid19', 'ฐานเศรษฐกิจ']"
1382061027949490179,sanooknews,2021-04-14,03:00:01,,รพ.จุฬาฯ ประกาศงดตรวจ,['โควิด19']
1382060533810012162,vairrapas,2021-04-14,02:58:03,,อธิบดีกรมควบคุมโรคยันทุกรพ.รัฐเอกชนต้องรับรักษาผู้ป่วยโควิดทุกรายและฟรี,"['covid19', 'โควิดรอบ3', 'คริสตัลทองหล่อ', 'โควิด19']"
1382058806092435458,toom_b,2021-04-14,02:51:11,,ตัวเลขเฉลี่ยคนติดเชื้อ,"['โควิด19', 'อังกฤษ']"
1382055991135637505,thansettakij,2021-04-14,02:40:00,,ทุกคนควรได้ตรวจโควิด หมอธีระวัฒน์ชี้มีความเสี่ยงทั้งหมด,"['โควิด19', 'covid19', 'ฐานเศรษฐกิจ']"
1382053025628360708,mi3wzz,2021-04-14,02:28:13,,โควิดรอบนี้ บอกได้คำเดียวว่าเละเทะ,"['โควิด19', 'โควิด', 'covid19']"
1382049826410360832,fm91trafficpro,2021-04-14,02:15:30,,สำนักพระราชวัง แจ้ง ปิดการเข้าชมพระราชฐานและสถานที่ต่างๆ ตั้งแต่วันที่ เมษายน เป็นต้นไป จนกว่าสถานการณ์การแพร่ระบาดของโรคติดเชื้อไวรัสโคโรนา โควิด จะคลี่คลาย,"['fm91', 'โควิด19']"
1382048833283051523,kookuestore,2021-04-14,02:11:33,,หาร เป็นแบบไม่ต่อเมล ไม่มีโฆษณาคั่นให้กวนใจ ดูแบบได้ทุกเรื่อง ดูแบบออฟไลน์ได้ ความคมชัดสูงสุด พร้อมส่งมากกกกกกก,"['หารmonomax', 'monomaxราคาถูก', 'monomax', 'โควิด19', 'โควิดวันนี้']"
1382046446531223552,aipiikh,2021-04-14,02:02:04,,เมื่อน้าค่อมเป็น,"['โควิด19', 'covid19', 'โควิด']"
1382045927221825537,sanooknews,2021-04-14,02:00:00,,กองทัพเรือเปิดไทม์ไลน์ ทหารเรือติด,['โควิด19']
1382045926890512386,thansettakij,2021-04-14,02:00:00,,รัฐบาลมอบประกันภัยกลุ่ม บาทคุ้มครองอุบัติเหตุและโควิด,"['โควิด19', 'covid19', 'ฐานเศรษฐกิจ']"
1382040891255267329,thansettakij,2021-04-14,01:40:00,,แนวทางต่อสู้การระบาดของโควิด หมอธีระชี้เชื้อกระจายไปทั่ว,"['โควิด19', 'covid19', 'ฐานเศรษฐกิจ']"
1382038564423159808,wannabemed64,2021-04-14,01:30:45,,ช่วงสอบวิชาสามัญใครสอบแถวนั้นแล้วเลิกสอบไปกินข้าวต่อแถวนี้ อย่าลืมเช็คอาการตัวเองด้วยนะ เราเห็นไทม์ไลน์คนติดผ่านตามาหลายคนแล้วว่าช่วงเมษา มีคนมาแถวสามย่าน สยาม เยอะพอสมควร ตอนแรกแรกสอบเสร็จกะว่าจะไปต่อ แต่เหนื่อยเลยเรียก กลับเลย รอบคอบกันนะทุกคนน,['โควิด19']
1382037242323947520,tanida40421924,2021-04-14,01:25:30,,ใครๆเขาก็ไม่อยากออกบ้านกันหรอกค่ะนาทีนี้ แต่คนส่วนใหญ่เขาต้องหาเช้ากินค่ำไม่ได้มีเงินมากักตัวนอนอยุ่บ้านเฉยๆ เข้าใจมั้ยไอ่ร้าบาน ติดกันจะหมดประเทศละมั้ง กูเหนื่อยจะด่าละ เบื่อมากผู้นำโง่ๆ,['โควิด19']
1382037010299330562,whatupman26,2021-04-14,01:24:34,,ไทม์ไลน์แต่ล่ะคนนี้คือทุกที่ไปทุกที่จริงๆ จนไม่กล้าไปไหนแล้ว,"['หัวหิน', 'โควิด', 'โควิด19', 'โควิด19เราต้องรอด', 'covid19', 'โควิดหัวหิน']"
1382032878922465280,benchamfp,2021-04-14,01:08:09,,การทลายอาณาจักรคลับเล้านจ์เพราะ,"['โควิด19', 'ปฏิรูปวงการคนมีสี']"
1382031577304162304,thaipbs,2021-04-14,01:02:59,,เปิดเบื้องหลังสถานบันเทิงทองหล่อ หาคำตอบ ตรวจยาก จับไม่ง่าย และทำไมต้องมีคนดูแล,"['ที่นี่thaipbs', 'thaipbs', 'covid19', 'โควิด19', 'ทองหล่อ']"
1382030832286760961,thansettakij,2021-04-14,01:00:01,,อย่าไปเก้องานยกเลิกเลื่อนจัดแล้วหนีโควิดระลอกใหม่,"['โควิด19', 'covid19', 'ฐานเศรษฐกิจ']"
1382030223642820613,kapookdotcom,2021-04-14,00:57:36,,แชร์สนั่น เผยภาพทหารฉีดพ่นน้ำยาฆ่าเชื้อ,"['โควิด19', 'kapook', 'ข่าววันนี้']"
1382030000673615873,luzyjpavenzy,2021-04-14,00:56:43,,สรุปกักตัวไหมอ่ะ. เดินทางจากสุราษกลับกทมด้วยเครื่องบิน.#โควิด,['โควิด19']
1382029296156303366,lilinyalin,2021-04-14,00:53:55,,มารอลุ้นกัน ไอ้ประโยคที่ว่า หยุดแรดหยุดโรค นี่มันใช้ได้จิงๆนะ คนเมาอ่ะ มันจะรักษาระยะห่างยังไงวะ แค่กลับบ้านถูกก็บุญแล้วเหอะ หยุดตี้หยุดตื๊ดกันซักพักเถอพี่น้องงงงงงงง,['โควิด19']
1382026687106400259,shinnypimlapas,2021-04-14,00:43:33,,คือจำนวน วัคซีนโดสในวันเดียว ที่เดนมาร์กประเทศที่มีคน ล้าน ฉีดให้ประชาชน,"['โควิด19', 'โควิด', 'รัฐไทย']"
1382025791857315841,thansettakij,2021-04-14,00:40:00,,อัพเดทตำรวจติดโควิดยอดสะสมพุ่ง ราย กักตัว นาย,"['โควิด19', 'covid19', 'ฐานเศรษฐกิจ']"
1382025252071378945,3uojasheuenzupy,2021-04-14,00:37:51,,ขอความร่วมมือช่วงสงกรานต์ โดยเฉพาะกลุ่มนักศึกษา งดกิจกรรมและการเดินทาง อยู่บ้านให้มากที่สุด ลดการแพร่และติดเชื้อในครอบครัว,"['นักศึกษา', 'โรคไวรัสโควิด19', 'โควิด19', 'covid19', 'ไวรัสโคโรนา', 'โรคติดเชื้อไวรัสโคโรนา2019', 'กรมควบคุมโรค', 'กระทรวงสาธารณสุข', 'ไทยรู้สู้โควิด']"
1382023176733954050,prang_babyworld,2021-04-14,00:29:36,,ผล = รอผล จ้า หวังว่าจะรอดนะเรา,['โควิด19']
1382022319850156032,2021cheesetoast,2021-04-14,00:26:12,,ทำไมวัคซีนของไทยเราช้าจังคะ หรือยังไงให้ติดกันทุกคนแล้วจะได้มีภูมิคุ้มกันงี้เหรอ,['โควิด19']
1382022034151022592,bangkokinsight,2021-04-14,00:25:04,,แนะมาตรการ ผู้สัมผัสเสี่ยงสูง กักตัว วัน ตรวจโควิด รอบ,"['thebangkokinsight', 'โควิด', 'โควิด19', 'ผู้สัมผัสเสี่ยงสูง', 'กักตัว', 'ตรวจโควิด']"
1382021759734583297,shinnypimlapas,2021-04-14,00:23:58,,รัฐไทยเหมือนเจอ โควิด คือมึงไม่เรียนรู้อะไรเลยกับการจัดการโควิดตลอดปีกว่าที่ผ่านมา,"['โควิด19', 'โควิด', 'รัฐไทย']"
1382021315914199043,addictx13,2021-04-14,00:22:13,,นี่พูดตรงๆนะ โควิดรอบนี้ระบาดหนักเพราะคนเห็นแก่ตัวไม่รับผิดชอบต่อสังคมล้วนๆเลย ลำบากคนหาเช้ากินค่ำมาก จากที่เขากำลังจะลืมตาอ้าปากได้ กลับต้องมาเริ่มที่ ใหม่อีก บางคนเห็นพอเที่ยวอะเที่ยวได้ พอติดมาโวยวายเรียกร้องความเห็นใจ คนที่ควรเห็นใจคือคนที่เขาแย่กว่าคุณหรือเปล่าอะ,['โควิด19']
1382020953891201027,kookuestore,2021-04-14,00:20:46,,รับตัวแทนจำหน่ายฟรี ขายเฉพาะ สติ๊กเกอร์อิโมจิธีมเมโลดี้ รายได้ตามความขยัน ไม่จำกัดจำนวน ไม่มีค่าสมัคร เรทถูกกว่าหน้าร้าน ไม่รับเติมเหรียญน้า,"['สติ๊กเกอร์ไลน์', 'ธีมไลน์ราคาถูก', 'รับตัวแทนจําหน่าย', 'โควิด19', 'สติ๊กเกอร์ไลน์ราคาถูก']"
1382020923016978434,morejern,2021-04-14,00:20:39,,จริงๆรัฐบาลต้องการให้คนเป็นโควิดเยอะๆ จนมีภูมิขึ้นมาเอง เพื่อประหยัดค่าวัคซีน,"['มุขการเมือง', 'โควิด19']"
1382020840229793792,drarunee_ying,2021-04-14,00:20:19,,ใครจะเชื่อว่าเลือกความสงบจบที่ลุงตู่ มันจะขนาดนี้จริงๆร้านที่ปิดคือคนตกงาน หมายถึงครอบครัวที่จะขาดรายได้ รอรัฐเยียวยาด้วยการกู้มา คนที่ยังเชียร์รัฐบาลนี้อยู่คุณใจดำมากบอกตรงนี้เลยว่า ยอดปิรามิดไม่สามารถอยู่ได้ถ้าขาดฐานล่าง ถึงอย่างไรมันก็จะพังลงมาทั้งหมด,"['ตลาดนัดรถไฟ', 'โควิด19']"
1382020758763761664,thansettakij,2021-04-14,00:20:00,,นายกฯ อนุมัติส่วนราชการ,"['โควิด19', 'covid19', 'ฐานเศรษฐกิจ']"
1382020758189133824,pandabong93,2021-04-14,00:20:00,,สำหรับพวกๆของรัฐบาลชุดนี้นะ สิ่งที่เธอจะขอแล้วฉันจะให้ได้ คือขอให้ไปร่วมงานศพพวกเธออ่ะ ส่วนเรื่องอื่นขอไม่ได้แล้วค่ะเธอขาาาา,"['โควิด19', 'รัฐบาลส้นตีน', 'รัฐบาลเฮงซวย']"
1382020186560110592,siamrath_online,2021-04-14,00:17:43,,วิวัฒน์ ศัลยกำธร ชี้วิกฤติโควิด ดึงคนไทยหันมองจุดแข็ง แนะศึกษา ลงมือทำ ตาม ศาสตร์พระราชา,"['สยามรัฐ', 'siamrathonline', 'สยามรัฐออนไลน์', 'ข่าววันนี้', 'โควิด19', 'covid19', 'โควิดวันนี้', 'ศาสตร์พระราชา']"
1382112161980313601,thaimoph,2021-04-14,06:23:12,,สถานการณ์ทั่วโลก วันที่ เมษายน เวลา น. ผู้ป่วยยืนยัน ราย กลับบ้านแล้ว ราย ยังรักษาใน รพ. ราย เสียชีวิต ราย อย่าลืมสวมหน้ากาก รักษาระยะห่าง หมั่นล้างมือ เช็คชื่อในไทยชนะ และหมอชนะ นะคะ,"['โควิด', 'covid19']"
1382099601310633986,put_call_dw,2021-04-14,05:33:17,,ขอแค่ได้ผลาญงบก็พอ ไม่สนอะไรทั้งนั้น,"['โควิด', 'รัฐบาลส้นตีนคนเชียร์ก็ส้นตีน']"
1382092459333795842,_phaer,2021-04-14,05:04:54,,เบื่อโควิด อยู่บ้านยาวๆ ให้น้ำหนักขึ้นไปอีก ล่าสุดคือเสื้อผ้าที่มีก็เริ่มฟิต,"['โควิด', 'กินนอน', 'อ้วน']"
1382064649793728514,tanatpong_news,2021-04-14,03:14:24,,อัพเดท จว. กักตัวนะ เพิ่มสุรินทร์เข้ามาตอน . น. ของ เม.ย.,['โควิด']
1382051007962570752,hortaewtak,2021-04-14,02:20:12,,มึงมั่วแล้ว ปกติในทางวิทยาศาสตร์ มึงไม่สามารถพูดได้ว่า ยิ่งเรื่องโควิด ยิ่งไปกันใหญ่ มึงมั่วมาก,"['โควิด', 'โควิดวันนี้', 'รัฐบาลส้นตีนคนเชียร์ก็ส้นตีน']"
1382048017159626758,imyoursgxs,2021-04-14,02:08:19,,มีญาติที่เรียนอยู่ในพื้นที่เสี่ยงกลับบ้านที่ตจว. ก่อนกลับก็ได้ตรวจโควิดแล้วเอาผลมาโชว์ว่าไม่มีเชื้อ พอถึงตจว.ก็ตั้งวงกินเหล้า ออกไปนั่นนี่ แล้วแถวนั้นไม่ค่อยใส่แมส ในทางกลับกัน คนที่เมคชัวร์ว่าตัวเองติดคือตรวจกันหลายรอบกว่าจะรู้ผล,['โควิด']
1382037846324772864,praveenmisser,2021-04-14,01:27:54,,เมื่อไหร่จะ เคอร์ฟิววะ แมร่งคนในซอย ไม่ใส่แมสซักคน เต้นกัน ร้องเพลงกัน ไม่กลัวเหี้ยไรกันเลย ไอแม่เยส,['โควิด']
1382037126703845382,kch_mook,2021-04-14,01:25:02,,ไปทำงานและตั้งคำถามกับตัวเองทุกวันว่า ติดยังวะ,['โควิด']
1382035745079136257,puzzleph,2021-04-14,01:19:33,,มีใครได้หน้ากากอนามัยฟรีจากรัฐบาลบ้างอ่ะ,['โควิด']
1382032067475562497,forestg74079058,2021-04-14,01:04:56,,งั้นถ้ากูติดโควิด ขออวดแค่ วันที่อยากอวดก็พอนะ แล้วขอไม่ใช้เทมเพลทของ ก.สาสุข ด้วย เดี๋ยวไปสั่งลูกน้องทำให้ จะใส่ตัวการ์ตูนมุ้งมิ้งด้วย อ้อ... ลืม กูไม่มีลูกน้อง,"['โควิด', 'รัฐบาลส้นตีนคนเชียร์ก็ส้นตีน']"
1382030568762662914,jikjikfaii,2021-04-14,00:58:59,,มีใครแนะนำประกันโควิดที่เจอจ่ายจบไหม หากมีแนะนำหน่อยนะคะ อยากซื้อให้กับคนทางบ้าน,['โควิด']
1382030475582050305,whenimissyou2,2021-04-14,00:58:36,,ดิชั้นเจอสิ่งนี้,"['แจ้งเตือนการสัมผัสเชื้อ', 'โควิด']"
1382029491711606791,bimwzq6xgo5qt9f,2021-04-14,00:54:42,,ตอนแรกวาง ทริปเที่ยว ตอนนี้ทำได้แค่ เที่ยวทิพย์,"['โควิด', 'ไอตัวร้าย', 'เพชรบุรี', 'คนเหงา', 'เฉาเพราะโควิด']"
1382025741915738112,flora_dip,2021-04-14,00:39:48,,ตัวอย่างสลิ่มที่สิ้นหวังกับประยุทธ์ ตามสาระแนชีวิตธนาธรไม่หยุด ไปเสือกอะไรกับเค้าว่ะ เค้าถูกตัดสิทธิ์การเมือง ปี มึงจะให้เค้าทำอะไรให้มึง อีควาย ทำไมไม่ดูแลตัวเอง เริ่มที่ตัวเองล่ะไอ้สัส,['โควิด']
1382025484058300416,ibehindu,2021-04-14,00:38:46,,เหมือน ที่จากศึกษาล่าสุด แม้แต่ ก็ให้ฉีดเฉพาะอายุ &; หลายปท.ให้ฉีดอายุเฉพาะอายุ &; เพราะปัญหา สัมพันธ์กับอายุน้อย ดังนั้นหากอายุน้อยแข็งแรงดี แล้วต้องเสี่ยงตายจากวัคซีนในอัตราไล่เลี่ยกับเสี่ยงตายจาก,['โควิด']
1382025071942770690,enususa,2021-04-14,00:37:08,,#โควิด รอบนี้ฉันกักตัวอยู่กับ,['โควิด']
1382023229858926592,ibehindu,2021-04-14,00:29:49,,เห็นคนบอกว่าฉีด ล้านเจอ คน ก็ ในล้าน ถือว่าความเสี่ยงต่ำมาก อันนี้ไม่ถูกเสียทีเดียว วัคซีน,['โควิด']
1382021435766415365,numpp7,2021-04-14,00:22:41,,ใครได้ฉีดวัคซีนควรฉีด เห็นใจบุคลากรการแพทย์บางวิชาชีพที่ถูกมองข้ามบ้างงง,['โควิด']
1382019382579097600,bowii0912,2021-04-14,00:14:32,,ขออนุญาตฝากค่ะ รวมแผนประกันโควิด เลือกได้หลายที่ถูกใจสมัครออนไลน์ รับกรมธรรม์ภายในชม คลิ๊ก&;&;,"['โควิด19', 'covid19', 'โควิด', 'โควิดวันนี้', 'ประกันโควิด', 'ประกันโควิด19']"
1382017845102436361,thaich8news,2021-04-14,00:08:25,,เป็นกำลังใจให้ เจ้าหน้าที่โรงพยาบาลปากช่อง คืนนี้ จนท. คงยังไม่ได้นอน ต้องเตรียมความพร้อมรับมือโควิด ช่วงวันหยุดสงกรานต์นี้ คงไม่ได้หยุด ขอบคุณภาพ สำนักงานประชาสัมพันธ์จังหวัดนครราชสีมา,"['โควิด', 'ข่าวช่อง8', 'ข่าวช่อง8ครบเครื่องเคียงข้าง', 'ใครๆก็ดูช่อง8กดเลข27']"
1382015876547768323,got7shoes88,2021-04-14,00:00:36,,พร้อมส่งแมสสีดำล้วนสีขาว แพคมี ชิ้น าคา ฿ แพค ฿ค่าส่ง ฿ กรอง ชั้น ให้แมสเราได้ดูแลคุณ#แมส,"['แมส', 'หน้ากากอนามัย', 'เราชนะออนไลน์', 'แมสดำ', 'โควิด19', 'โควิด', 'โควิดทองหล่อ']"
1382015026068787202,hortaewtak,2021-04-13,23:57:13,,ทหารไทยแม่งโง่จริง หรือตั้งงบเพื่อแดกกันวะ ฉีดยาฆ่าเชื่้อโควิดตามแนวชายแดนไทยพม่า หรือมันทั้งโง่ทั้งโกง น่าจะเป็นอย่างหลัง เครดิต ศาสดา,"['รัฐบาลส้นตีนคนเชียร์ก็ส้นตีน', 'โควิด', 'โควิดวันนี้']"
1382014467974696960,thematterco,2021-04-13,23:55:00,,วัคซีน &; หนึ่งในวัคซีนที่ไทยขึ้นทะเบียนไว้ กำลังถูกทางการสหรัฐฯ ระงับการฉีดลงชั่วคราว หลังเกิดลิ่มเลือดในร่างกายผู้ป่วย ราย อ่านต่อที่,"['covid19', 'โควิด', 'โควิด19']"
1382014050792472577,khunair,2021-04-13,23:53:20,,จะคอยดูนะว่าจะมีดารา เซเลป นักการเมือง ไฮโซ ไม่มีเตียงในรพแล้วได้นอนโรงบาลสนามบ้าง,['โควิด']
1382013805769580545,studiotianaa,2021-04-13,23:52:22,,แหวนจากหินนำโชค หินมงคล •เป็นหินแห่งการปกป้อง คุ้มครอง ช่วยปัดเป่าสิ่งไม่ดี ราคา บาท ส่งฟรีค่า ขนาด มิล,"['ตลาดนัดบังทัน', 'ตลาดนัดexo', 'ตลาดนัดnct', 'bbrightvc', 'winmetawim', 'ป๋อจ้าน', 'โควิด', 'เคอแพท', 'ตลาดนัดtreasure', 'วันทองep14', 'วันทอง', 'คิดถึงนะบกพพ']"
1382011378639142912,kapookdotcom,2021-04-13,23:42:43,,อัปเดตรายชื่อคนบันเทิงติดโควิด,"['ปรางเดอะวอยซ์', 'บุ๊คlabis', 'covid19', 'โควิด19', 'โควิด', 'ดาราติดโควิด19', 'kapook']"
1382008666258214920,xchangeenglish,2021-04-13,23:31:57,,ประกาศด่วน ศูนย์สอบ,"['toeic', 'โควิด', 'โควิด19', 'โควิดวันนี้']"
1382007493975404546,jmejao7qea3n9ph,2021-04-13,23:27:17,,#โคสาวเมืองนนท์ ช่วยพี่ข้างบ้านย้ายของ แล้วดื่มน้ำแก้วเดียวกัน ไม่กี่วันต่อมาทราบว่าพี่คนดังกล่าวติดเชื้อ จึงรีบไปตรวจ,"['โคสาวเมืองนนท์', 'pptvhd36', 'pptvnews', 'ช่อง36', 'โควิด', 'โควิด19', 'ไวรัสโคโรนา', 'covid19', 'นนทุบรี', 'โควิดนนทบุรี', 'ข่าวโควิด', 'โควิดวันนี้วิด19']"
1382007007197077505,saranaekakuay,2021-04-13,23:25:21,,คือกูไม่ได้อยากรู้ค่ะว่าใครติดบ้าง ไม่สนหน้าดาราคนไหนทั้งนั้น อยากรู้ว่าวัคซีนนี่มันยังไง ร้าบานทำอะไรอยู่บ้าง จะได้ตายกันหมดไหมคะ ไม่ใช่ติดโรคตายนะคะ จนตายค่ะ ไม่มีจะแดกแล้ว,['โควิด']
1382006402239975426,tayita1237,2021-04-13,23:22:57,,ต่างชาติเข้ามาซื้อบ้านได้ ต่อไปก็คงเหมือนฮ่องกง คือคอนโดสักห้องคือแพงฉิบหาย แพงโคตรพ่อโคตรแม่กินขี้ปี้นอนในห้องแคบๆ ต่อไปคงนอนกันเป็นลิ้นชักแบบพร้อมเก็บศพอะ,"['ขายชาติ', 'ประเทศไทย', 'รัฐบาลส้นตีนคนเชียร์ก็ส้นตีน', 'สลิ่ม', 'โควิด', 'โควิด19']"
1382005763351056392,pptvhd36,2021-04-13,23:20:25,,สาวเมืองนนท์ ช่วยพี่ข้างบ้านย้ายของ แล้วดื่มน้ำแก้วเดียวกัน ไม่กี่วันต่อมาทราบว่าพี่คนดังกล่าวติดเชื้อ จึงรีบไปตรวจ,"['pptvhd36', 'pptvnews', 'ช่อง36', 'โควิด', 'โควิด19', 'ไวรัสโคโรนา', 'covid19', 'นนทุบรี', 'โควิดนนทบุรี', 'ข่าวโควิด', 'โควิดวันนี้']"
1382004258900303873,ibehindu,2021-04-13,23:14:26,,ตอนนี้ในแต่ละจังหวัดกำลังรับมือระบาด,['โควิด']
1382004034198900738,bowiekokoro,2021-04-13,23:13:32,,ซื้อ แถม . สนใจสั่งซื้อทัก สเปรย์แอลกอฮอล์ความเข้มข้น กลิ่น พีชมิ้นท์ ส้ม โอโซน ปริมาณสุทธิ . โปรถึงสิ้นเดือน เมษายนนี้,"['โควิด19', 'โควิดวันนี้', 'โควิด', 'สเปรย์แอลกอฮอลล์', 'แอลกอฮอลล์', 'สเปรย์ล้างมือ', 'สเปรย์แอลกอฮอล์พกพา']"
1382003686273019907,arwenelfice,2021-04-13,23:12:09,,อี มึ้งงงงง รพ.จุฬาลงกรณ์ ไม่เท่ากับรพ.จุฬาภรณ์ คนละที่โว้ยยยยยยยยย,['โควิด']
1382003610293170177,dfdgfd543,2021-04-13,23:11:51,,รอบนี้ไม่มีด่าคนติดโควิดหรอ อ่อ ลืมไปกูก็ไปเที่ยวแล้วติดมา,['โควิด']
1382002884833763339,nsa12316,2021-04-13,23:08:58,,#โควิด ขยะ กำลังเบี่ยงประเด็นความผิดพลาด,['โควิด']
1382002760606879749,studiotianaa,2021-04-13,23:08:29,,แหวนจากหินนำโชค หินมงคล •เป็นหินแห่งการปกป้องจากอันตราย และนำพาความสงบสุขให้แก่เจ้าของ ขับไล่พลังงานไม่ดี ราคา บาท ส่งฟรี ขนาด มิล,"['ไบร์ทวิน', 'ป๋อจ้าน', 'ตลาดนัดnct', 'ตลาดนัดอากาเซ่', 'gulfkanawut', 'บกพพ', 'เคอเเพท', 'วันทองep14', 'วันทองep13', 'โควิด']"
1382001900938088448,yloveyouchannel,2021-04-13,23:05:04,,น้าค่อมฝากถึงแฟนๆผ่านหนุ่ม กรรชัยหลังป่วยติดโควิด ทำเอาแทบไปต่อไม่เป็น,"['หนุ่มกรรชัย', 'น้าค่อม', 'โหนกระแส', 'โควิด', 'โควิด19', 'โควิดวันนี้', 'โควิดทองหล่อ', 'โควิดเชียงใหม่']"
1381999403188166656,can_nw,2021-04-13,22:55:08,,แก้ไขข้อมูล.. เม.ย. คณะเฉพาะกิจป้องกันโควิด ชี้แจง บ่ล็อกดาวน์ นครหลวงเวียงจันทน์ ยังคุมสถานการณ์โควิดได้ ไม่น่าเป็นห่วง,"['ลาว', 'โควิด']"
1381998190245777411,p_pcic,2021-04-13,22:50:19,,สอบถามค่ะ เราต้องใช้ห้องน้ำกับครอบครัวที่เสี่ยงโควิด ใครมีประสบการณ์พอมีแนวทางไหมคะ,"['โควิดวันนี้', 'โควิด', 'โควิด19']"
1381997455546281989,raweetanut,2021-04-13,22:47:24,,บ้านเราตามตัวเลขคนติด,"['โควิด', 'วัคซีนโควิด', 'ถ้าการเมืองดี', 'โควิดวันนี้', 'covid19', 'รัฐบาล', 'thailand', 'สวัสดีปีใหม่ไทย']"
1381997220359114755,kcltv,2021-04-13,22:46:28,,คนที่เป็นโรคซึมเศร้า โรคจิตเภท โรคไบโพลาร์ คือมันเป็นโรค มันเป็นการเจ็บป่วยอย่าไปตีตราว่า เขาเป็นคนนิสัยไม่ดี อ่อนแอ ขี้เกียจหรือว่าไม่รับผิดชอบ รับชมที่,"['โควิด', 'โควิดทองหล่อ', 'โควิด19', 'โควิดวันนี้', 'ศบค']"
1381996851063324674,ejannews,2021-04-13,22:45:00,,อช.แก่งกระจาน ประกาศปิดด่าน กจ. มะเร็ว หรือ ด่านตรวจเข้าบ้านโป่งลึกบางกลอย หลังจากที่,"['เอ้thevoice', 'โควิด']"
1381996729977856004,nichal3ungkee,2021-04-13,22:44:31,,มาเพิ่มอีกราย ปราง ปรางทิพย์ เผย ติดเชื้อโควิด หลังเข้าตรวจรอบ สยามรัฐ,"['สยามรัฐ', 'ปรางทิพย์', 'โควิด19', 'โควิด', 'โควิดวันนี้', 'covid19', 'covid19', 'ดาราติดโควิด', 'ดาราติดโควิด19', 'ปรางปรางทิพย์']"
1381995638108221443,kukikuki45,2021-04-13,22:40:11,,สีขาวหลุดจอง กล่อง พร้อมส่ง‼ ทางการแพทย์ ผลิตในไทย งานตัวดังตระกูล สีขาว ใช้ใน รพ. กรองสารคัดหลั่ง ละอองฝอย . ได้ สายเย็บด้านหลัง นุ่มมาก =฿ ส่งฟรี =฿ ส่งฟรี,"['หน้ากากอนามัย', 'หน้ากากอนามัยพร้อมส่ง', 'โควิด', 'โควิด19', 'โควิดวันนี้']"
1381994547803090944,jin_somroutai,2021-04-13,22:35:51,,เห็นด้วยอย่างยิ่งค่ะ . นายโกศลวัฒน์ รองอธิบดีอัยการฯ เสนอ เอาผิดคนติดเชื้อโควิดที่ขึ้นเครื่องกลับนครฯทั้งที่รู้ว่าตัวเองติดเชื้อ .,"['โควิดนครศรีธรรมราช', 'โควิด']"
1381993774016962561,kcltv,2021-04-13,22:32:46,,สุขภาพจิตมีความสำคัญคู่ขนานกับสถานการณ์การระบาดของโควิด พญ.อภิสมัย รับชมที่,"['โควิด', 'โควิด19', 'โควิดวันนี้', 'โควิดทองหล่อ']"
1381993077636804609,brighttodayth,2021-04-13,22:30:00,,เปรี้ยว ทัศนียา ผลตรวจโควิดเป็นบวก ติดเชื้อโควิด อีกราย,"['เปรี้ยวทัศนียา', 'โควิด19', 'โควิด']"
1381993076537888770,ejannews,2021-04-13,22:30:00,,แจงชัด อธิบดีกรมควบคุมโรค ชี้ป่วย,['โควิด']
1381992023972999168,shxxx0412,2021-04-13,22:25:49,,ไปเห็นในกลุ่มมา ใครเจอแล้วเก็บได้อย่าลืมคืนเจ้าของนะคะ,"['ทวิตดีคนรีน้อย', 'รีวิวขอนแก่น', 'โควิด', 'โควิดวันนี้']"
1381991751779409921,pamungpichapon,2021-04-13,22:24:44,,สุขสันต์สงกรานต์,['โควิด']
1381991393493577729,plateframe_,2021-04-13,22:23:19,,มีห้างดังที่หนึ่งคนติดเชื้อไปเดินที่นั้นบ่อยมากแบบคนตอดเชื้อคนำปเดินห้างงี้แต่ห้างไม่เคยฉีดยาฆ่าเชื้อน่ะแต่ออกมาบอกว่าปลอดภัยมีการฉีดฆ่าเชื้อทุกวันฉันทำงานที่นั้นคือเขาตอแหลจ้า,['โควิด']
1381991142892298242,monanoma1,2021-04-13,22:22:19,,ส่งทุกวัน ไม่มีหยุด กล่องส่งฟรีแฟลช ผลิตในไทย มาตรฐาน ทุกแบรนด์ค่ะ ค่าส่ง +,"['หน้ากากอนามัยพร้อมส่ง', 'หน้ากากอนามัย', 'หน้ากากอนามัยทางการแพทย์', 'หน้ากากอนามัยราคาถูก', 'แมส', 'แมสพร้อมส่ง', 'แมสราคาถูก', 'โควิด', 'โควิด19', 'โควิดวันนี้', 'โควิดเชียงใหม่']"
1381989806289248258,notforlove8,2021-04-13,22:17:00,,ขนาดห่าบเร่แผงลอยยังขายไม่ได้ ไม่ต้องถามเลยว่าคนไทยเกินครึ่งประเทศมีเงินสดเหลือในเป๋ามากแค่ไหน,"['โควิด', 'รัฐบาลเฮงซวย', 'ไม่รู้', 'ด่าแบบเกรี้ยวกราด', 'ผนงรจตกม']"
1381988977947762693,csmcwk,2021-04-13,22:13:43,,เข้าไปเล่นกิจกรรมกันเยอะๆนะค้าบบบ,"['แจก', 'แจกฟรี', 'แจกฟรีไม่รีได้ไง', 'ordinary', 'anua', 'โทนเนอร์พี่จุน', 'ใช้ดีบอกต่อ', 'anuaampoule', 'สกินแคร์เกาหลี', 'เราชนะออนไลน์', 'ส่งต่อ', 'แจก', 'ของมันต้องมี', 'ถูกและดี', 'ม33เรารักกัน', 'บัตรสวัสดิการแห่งรัฐ', 'anuaล้านแตก', 'โควิด19', 'โควิด']"
1381988397326077953,jnc_journalist,2021-04-13,22:11:24,,เช็คเลย ไทยฉีด วัคซีนโควิด แล้วกี่รายจังหวัดไหนฉีดวัคซีนแล้วบ้าง,"['thejournalistclub', 'โควิด']"
1381988089585786885,niramon_st,2021-04-13,22:10:11,,#โควิด ตอนนี้มีหลายสายพันธ์ บ้านเราก็ไม่น้อยหน้ามีโควิดสายพันธ์ชังชาติ อาการด่ารัฐบาลทุกวัน คลั่ง ตาแดงกล่ำน้ำมูกน้ำตาไหล เพราะโดนแก๊สน้ำตา มีผื่นขึ้นตามตัว เนื่องจากเป็นขี้กลากเพราะชิงชังสถาบัน เป็นมากในหมู่เยาวชน รักษาได้ด้วยการรุมกระทืบค่ะ,"['โควิด', 'โควิด19', 'โควิดวันนี้']"
1381987511795212294,unclezzzzz,2021-04-13,22:07:53,,งง เรื่องจังหวัดที่ประกาศให้คนเข้าจังหวัดต้องกักตัว จะประกาศทำไม ในเมื่อก็ยังเห็นคนจากกรุงเทพ ขับรถไปเยี่ยมญาติ ไปรดน้ำดำหัวกัน ในจังหวัดต่างๆอยู่,"['กักยังไงวะ', 'โควิด19', 'โควิด']"
1381986703557099524,alindaja,2021-04-13,22:04:40,,สาระเลยคะ กรมการแพทย์ระบุ ผู้ติดเชื้อ,['โควิด']
1381986127502925831,spicyjell,2021-04-13,22:02:23,,ไทม์ไลน์ค่ะ เราเห็นในไอจี ใครไปแถวอนุเสาวรีย์เซนจูรี่ กักตัวด้วยนะคะ,"['โควิด19', 'โควิด', 'โควิดวันนี้']"
1381985462965792768,fightinprocess,2021-04-13,21:59:45,,เมื่อจ่าแชร์โพสขอบริจาค เอนเนอร์จี้ชาวเน็ตปัจจุบัน หนูงบไปไหนหมด,"['โควิด', 'รัฐบาลส้นตีนคนเชียร์ก็ส้นตีน', 'เรามีรัฐบาลไว้ทำไม']"
1381985221411700738,kom_chad_luek,2021-04-13,21:58:47,,ให้ภาพเล่าเรื่อง เบื้องหลังบุคลากรทางแพทย์รพ.ปากช่อง ลุยตรวจโควิด วันติด,"['ข่าววันนี้', 'บุคลากรทางแพทย์', 'โควิด']"
1381984787255029763,pongsathornkaew,2021-04-13,21:57:03,,ตั้งแต่โควิดเมื่อต้นปี จนมาถึงตอนนี้เม.ย. ก็ยังไม่เห็นมาตรการหรือนโยบายที่จะมาฟื้นฟูเศรษฐกิจของประเทศเลยแม้แต่นโยบายเดียว วาน หรือสลิ่มบอกทีว่ามาตราการนั้นคืออะไร หัวหน้าทีมเศรฐกิจ หัวหน้าศบศ.ทำอะไรอยู่ โชว์มันออกมา ขอเจ๋ง ๆ,"['โควิด', 'โควิด19']"
1381984691146776579,kingsmansiam,2021-04-13,21:56:41,,ดูดีกว่าสถานปฏิบัติธรรมที่เคยไป...,['โควิด']
1381983921752088581,siamrath_online,2021-04-13,21:53:37,,เปิดไทม์ไลน์ นิสิต บุคลากร ม.เกษตรศาสตร์ ติดโควิดอีก ราย เดินทางไป ตจว.หลายราย,"['โควิด19', 'โควิด', 'มเกษตร']"
1381983733859844104,jc_jutamas,2021-04-13,21:52:52,,ชลบุรี ประกาศใครไป จุดเสี่ยงให้รีบตรวจหาเชื้อโควิดด่วน,"['โควิด19', 'โควิด', 'โควิดวันนี้', 'โควิดชลบุรี']"
1381983422365659141,ibehindu,2021-04-13,21:51:38,,แผนรง.ผลิตวัคซีน,['โควิด']
1381982309939736578,ibehindu,2021-04-13,21:47:13,,ถ้าฉีดเร็ว ตอนนี้คนฉีดวัคซีนครบแล้วติด,['โควิด']
1382117066027638785,phapakjad,2021-04-14,06:42:41,,เรื่องเล่าใต้คอมเม้น,"['โควิดวันนี้', 'แจ๊สชวนชื่น']"
1382116604918472706,siamrath_online,2021-04-14,06:40:51,,คู่หนุ่มสาวไร้ความรับผิดชอบรู้ว่าติดโควิด นั่งเครื่องบินกลับบ้านเกิดทำผู้โดยสารเสี่ยงสูง,['โควิดวันนี้']
1382114927117230083,mooky20640538,2021-04-14,06:34:11,,เลทรายวันรายเดือน คืน คืน คืน คืน คืน คืน สนใจกู้กดเข้าไปในลิ้งค์ค่ะ,"['โควิดวันนี้', 'ตลาดนัดสวนแครอท', 'เงินกู้', 'กู้เงิน', 'เงินกู้นอกระบบ']"
1382112667771363328,adddn123,2021-04-14,06:25:13,,เช้าทุกวันเลยอ่ะ,"['โควิดวันนี้', 'บางแสน', 'ชลบุรี']"
1382112278577774595,nobodyme02,2021-04-14,06:23:40,,สงสารเป็นพิเศษ กับเจ้าหน้าที่ ที่มีเพื่อนร่วมงานไม่รู้จักระวังตัว เอาความเสี่ยงมาให้เพื่อนร่วมงาน ขอให้ปลอดภัยทุกคนนะคะ,"['รู้นะว่าไม่ตั้งใจ', 'แต่อยากให้สำนึกในการไม่ระวังตัวของคุณด้วย', 'โควิดวันนี้']"
1382111513696083975,nobodyme02,2021-04-14,06:20:37,,สงสารคนในรพ.นะ ระวังแทบตายสุดท้ายกระจายทั่ว...,['โควิดวันนี้']
1382025632222117893,toncuguy,2021-04-14,00:39:22,,#โควิดวันนี้ อีพวกเสื้อเหลืองผูกผ้าพันคออย่างกะหมากะควาย พระราชทาน อีดอก ทำแค่นิดเดียวถ่ายรูปรายงาน มีแต่พวกแก่ๆ รพ.สนามแทนที่จะมีฉากกั้นเหมือนโลกที่ ช่วยลดการสัมผัส สินทรัพย์สูญหาย หรือลดการแพร่เชื้อ คือแม่งทำแบบลวกๆ เหมือนพ่อมึงอ่ะ โครงการ แต่ไม่ได้ห่าไรเลย,['โควิดวันนี้']
1382023411874951169,omsudaratjo,2021-04-14,00:30:32,,ลดวันที่วันเดียวจ๊ะรหัสส่วนลด ขอบคุณค่ะส่งฟรีถึงบ้านคลิก,"['ลดราคา', 'เป๋าตัง', 'ของขวัญ', 'blackpink', 'ส่งฟรี', 'ไบร์ทวิน', 'lisa', 'rose', 'ใช้ดีบอกต่อ', 'ม33เรารักกัน', 'แพทริค', 'โควิดวันนี้', 'มีล่า', 'ซอเยจี', 'markmin', 'apologizetoseohyun', 'hanbin', 'kingpower']"
1382019137895944192,omsudaratjo,2021-04-14,00:13:33,,ลดจ๊ะรหัสส่วนลด ขอบคุณค่ะส่งฟรีถึงบ้านคลิก,"['ลดราคา', 'เป๋าตัง', 'ของขวัญ', 'blackpink', 'ส่งฟรี', 'ไบร์ทวิน', 'lisa', 'rose', 'ใช้ดีบอกต่อ', 'ม33เรารักกัน', 'โควิดวันนี้', 'โป๊ปเบลล่า', 'มีล่า', 'ซอเยจี', 'markmin', 'apologizetoseohyun', 'nomin', 'bvlgari', 'น้ำหอม', 'kingpower']"
1382011427737636864,siamrath_online,2021-04-13,23:42:55,,งานเข้า กาฬสินธุ์ พบติดเชื้อโควิดเพิ่มอีก ราย กลุ่มเสี่ยงอื้อ,"['สยามรัฐ', 'siamrathonline', 'สยามรัฐออนไลน์', 'ข่าววันนี้', 'โควิด19', 'covid19', 'โควิดวันนี้']"
1382011242093572103,siamrath_online,2021-04-13,23:42:11,,หมอสุภัทร แนะเตรียมระบบกักตัวที่บ้าน ย้ำ นี่คือการระบาดของจริง,"['สยามรัฐ', 'siamrathonline', 'สยามรัฐออนไลน์', 'ข่าววันนี้', 'โควิด19', 'covid19', 'โควิดวันนี้']"
1382006499153612802,qingqing0001,2021-04-13,23:23:20,,ขออนุญาตนะคะ ส่งต่อ บาท จากราคาเต็มบาท ใส่ไม่เกินครั้งค่ะ,"['markmin', 'วันทองep14', 'โควิดวันนี้', 'โควิดทองหล่อ']"
1382005892296536071,tickettik,2021-04-13,23:20:55,,สงกรานต์ปีหน้า น่าจะไม่ได้ทำกิจกรรมอะไรทั้งนั้น ไม่ใช่โควิดนะ ชิปหายตายจากไปก่อนเพราะรัฐบวยนี้และ,['โควิดวันนี้']
1382001591318802438,ipecku,2021-04-13,23:03:50,,มีใครติดโควิดแล้วต้องไปฝากแมวบ้างคะ ฝากที่ไหนทำยังคะ คือตอนนี้เรายังไม่เป็น แต่ถือว่าเสี่ยงพรุ่งนี้จะไปตรวจค่ะ,"['เป๊กผลิตโชค', 'โควิด19', 'โควิดวันนี้']"
1382000636036849665,sharethelovefwd,2021-04-13,23:00:02,,จะรู้ได้ยังไงว่าจะเลือกทางไหน เราต้องเลือกทางที่ซื่อสัตย์ ต่อคำของพระเจ้า ― ศจ.ธงชัย ประดับชนานุรัตน์,"['sharetheloveforward', 'รายการมองผ่านเลนส์ใหม่', 'โควิดวันนี้', 'โควิด19', 'covid19', 'คริสเตียน', 'กำลังใจ', 'แคปชั่น', 'คำคม', 'คำคมความรู้สึก', 'ลังเล', 'ตัดสินใจ']"
1382000544139542535,nizsii916,2021-04-13,22:59:40,,โควิด ไม่ตรวจ=ไม่เจอ,"['โควิดวันนี้', 'โควิด19']"
1381998410593492993,stupidlambbelle,2021-04-13,22:51:12,,เมื่อคุยกับเพื่อนร่วมอุดมการณ์เรื่องการฉีดวัคซีน ขำจนปอดโยก,"['โควิดวันนี้', 'รัฐบาลส้นตีนคนเชียร์ก็ส้นตีน']"
1381997964730662922,innovertion1,2021-04-13,22:49:25,,ขณะที่ข่าวออกเรื่องตัวเลขคนติด,"['covid', 'วัคซีน', 'มันต้องมีอะไรผิด', 'โควิดวันนี้', 'คลัสเตอร์', 'วัคซีนอยู่ไหน']"
1381997477931315201,lubaek20630,2021-04-13,22:47:29,,เสื้อมือสอง แบรนด์ กระเป๋าสวม ข้าง สภาพ ไม่มีตำหนิ ไซส์ รอบอก. ยาว ราคา,"['ส่งฟรี', 'เสื้อผ้ามือสอง', 'เสื้อผ้ามือสองสภาพดี', 'ส่งต่อเสื้อผ้า', 'โควิดวันนี้']"
1381997195063226368,lubaek20630,2021-04-13,22:46:22,,เสื้อมือสอง แบรนด์ สภาพไม่มีตำหนิ รอบอก ยาว ตัวละ,"['ส่งฟรี', 'เสื้อผ้ามือสองสภาพดี', 'เสื้อมือสอง', 'โควิดวันนี้']"
1381995580939890691,gingubgib,2021-04-13,22:39:57,,อันนี้เหี้ยจริง กลับมาแล้วคือต้องฉลองหรอ ตอนนี้ใช่เวลาหรอ งง ตายอีดอก จบ,"['โควิด19', 'สงกรานต์64', 'โควิดวันนี้', 'โควิดทองหล่อ', 'โควิดเชียงใหม่']"
1381995113241403398,7bwcp7vu3ttkwsb,2021-04-13,22:38:05,,คลัสเตอร์ใหม่ไหมเนี่ย จัดงานไม่ใส่แมสทั้งงาน ฝันให้ไกลไปให้ถึงเลย จ้า ท่านโจ๊ก ชนชั้นนำอ่าเนอะ เข้าใจๆ คัมแบ๊กอย่างยิ่งใหญ่ ระวังตกม้าตายเพราะไร้ความรับผิดชอบ,"['โควิด19', 'โควิดวันนี้', 'มีล่า', 'คริสตัลทองหล่อ']"
1381993900399763457,whantub,2021-04-13,22:33:16,,เราก็ต้องดูแลตัวเองไว้ก่อนป่ะว่ะแก... ชั้นสั่งร้านนี้ จัดโปรบ่อย พิกัด,"['โควิด19', 'โควิดวันนี้', 'vitamins', 'วิตามิน', 'ของดีบอกต่อ', 'shopee', 'โควิดกรุงเทพ']"
1381993328489549824,niramon_st,2021-04-13,22:31:00,,ภาพแบบนี้ ไม่เคยนำเสนอ รับเงิน สส.แต่นั่งปั่นหำ จับผิด ผลิตแต่วาทะกรรมรายวัน ไม่ละอายแก่ใจบ้างหรอ แค่เอาส้นตีนยกโผล่พ้นน้ำ แค่นี้ก็ถือว่าช่วยชาติแล้วนะคะ,"['โควิด19', 'โควิดทองหล่อ', 'โควิดวันนี้']"
1381992268593164294,darkness4925,2021-04-13,22:26:47,,กลัวจะไปอยู่ในไทม์ไลน์ของใคร,['โควิดวันนี้']
1381991417111699457,pat_thaipbs,2021-04-13,22:23:24,,เชียงใหม่ + ภาพรวมสถานการณ์ รายละเอียด.. ตามรูป จุดตรวจเชิงรุก..วันพรุ่งนี้ เม.ย. ตามรูป,"['โควิด19', 'โควิดเชียงใหม่', 'โควิดวันนี้']"
1381989302536527873,thansettakij,2021-04-13,22:15:00,,ฮุนเซนแจกจริง คนกัมพูชาที่ฉีดวัคซีนโควิดลำดับที่ ล้าน รับโชคเงิน ล้านเรียล,"['โควิดวันนี้', 'ผู้ติดเชื้อโควิด', 'covid19', 'โควิด19', 'ฐานเศรษฐกิจ']"
1381988545619849217,funfun72715659,2021-04-13,22:12:00,,เรามีผื่นขึ้นแบบนี้ไปตรวจไหม ถ้าไปตรวจควรไปที่ไหนได้บ้างขอคำแนะนำด้วย,"['โควิด19', 'โควิดวันนี้']"
1381988521431289856,graceguy05,2021-04-13,22:11:54,,เซฟไว้ก่อน เผื่อเกิดอะไรขึ้นจะได้ไม่งง,"['โควิดวันนี้', 'โควิด19']"
1381987364180910080,graceguy05,2021-04-13,22:07:18,,เอ้าาาาา ละที่พูดไปทำไมไม่ฟัง,"['โควิดวันนี้', 'โควิด19']"
1381986572472438789,mymaytics,2021-04-13,22:04:09,,&;ใหม่สุดๆ อก ยาว. ฿ .,"['รับเราชนะ', 'รับม33', 'รับเรารักกัน', 'ส่งต่อสกินแคร์', 'เสื้อผ้ามือ2', 'howtoperfect', 'dek65', 'tcas64', 'ส่งต่อคสอ', 'ส่งต่อสกินแคร์', 'ของดีบอกต่อ', 'รับแลกม33', 'แลกเงินเราชนะ', 'แลกเราชนะ', 'แลกม33', 'shein', 'โควิดวันนี้', 'คาดิแกน', 'ส่งต่อเสื้อผ้า', 'bbrightvc', 'netflixth']"
1381986385230323712,2plcjf1nyx4uaoj,2021-04-13,22:03:24,,รมว.อว.สั่งทุกมหาวิทยาลัยในสังกัด เปิด รพ.สนาม เตียง ทุกจังหวัดพร้อมรับผู้ป่วยโควิด เพิ่มเต็มศักยภาพ หนังสือพิมพ์เวทีข่าว,['โควิดวันนี้']
1381985442535370753,alindaja,2021-04-13,21:59:40,,น่าประทับใจคะ นอกจากเข้าไปกักตัวแล้วยังช่วยกันต่อเตียง ได้ประโยชน์แก้เหงาไปในตัว,"['โควิดวันนี้', 'โควิดเชียงใหม่']"
1381984739918192640,alindaja,2021-04-13,21:56:52,,ทุกอย่างต้องมีการวางแผนที่ดี ขอบคุณทุกภาคส่วนที่ช่วยกัน เราจะผ่านไปด้วยกัน,['โควิดวันนี้']
1381983703639814144,shareef_advisor,2021-04-13,21:52:45,,กองทัพรัสเซียระดมประชิดพรมแดนตะวันออกของประเทศยูเครนโดยอ้างว่าเพื่อปกป้องประชาชนพูดภาษารีสเซียในเขตดอนบาส ปธน ยูเครนเข้าพบปธน ตุรกีเพื่อขอให้ช่วยหาทางออก ท่านคิดว่ารัสเซียจะบุกยึดพื้นที่เขตดอนบาสของยูเครนหรือไม่,"['โควิดวันนี้', 'ม็อบ14เมษา', 'dek65', 'dek64', 'สวมีไว้ทําไม', 'โพล64']"
1381983570055471104,benzten14,2021-04-13,21:52:13,,ลูกค้าดีลงานกันอยู่ แล้ววันนี้ส่งต่อให้อีกคนมาดูแล ต้องแอดมิดด่วนเพราะรู้ผลว่าเป็น อยู่ในกลุปไลน์เดียวกันยังไม่ได้เจอกัน,['โควิดวันนี้']
1381982821175095298,iammalika09,2021-04-13,21:49:15,,นอกจากไม่ช่วยแล้ว ยังโทษแต่ผู้อื่น บั่นทอนจิตใจคนทำงาน,"['โควิดวันนี้', 'โควิด19']"
1381982762496786438,pat_thaipbs,2021-04-13,21:49:01,,ประจวบคีรีขันธ์ + ..,"['โควิด19', 'โควิดวันนี้', 'โควิดประจวบ']"
1382105709777592322,pitipolkarhand,2021-04-14,05:57:34,,ตอนแบ่งกำไรรับเงินจากเลาน์จ ทำได้ พอให้หาเจ้าของเลาน์จทำโควิคระบาด หาไม่ได้,['โควิดทองหล่อ']
1382048790975193092,teeha_chumnumai,2021-04-14,02:11:23,,จตุจักรวันเสาร์เหงาๆ,['โควิดทองหล่อ']
1382030590388568067,benchamfp,2021-04-14,00:59:04,,วัฒนธรรมอุปถัมภ์โครงสร้างอำนาจและภารกิจทำให้ธุรกิจสีเทาเหล่านี้ต้องจ่ายส่วยให้กับคนมีสีในท้องที่ จึงเป็นที่น่าสังเกตว่าในทุกยุคทุกสมัย วงการคนมีสีจะเข้าไปพัวพันอาณาจักรธุรกิจที่ผิด กม. แทบทั้งนั้น โดยผปก.เองก็มีความจำเป็นต้องจ่ายส่วยเพื่อแลกกับผลกำไรทางธุรกิจ,['โควิดทองหล่อ']
1382026566952054792,benchamfp,2021-04-14,00:43:05,,ถ้าไปไล่ดู หุ้นส่วนธุรกิจเจ้าของคริสตัลทองหล่อจะเห็นว่ามีนายตำรวจระดับสูงถือหุ้นอยู่ด้วย ซึ่งจนถึงตอนนี้ นายตำรวจระดับสูงก็ยังอยู่ดีมีสุข ไม่ถูกตรวจสอบใดๆ ทั้งที่ธุรกิจเปิดไม่ถูกกฎหมาย,['โควิดทองหล่อ']
1382024565430231042,luzyjpavenzy,2021-04-14,00:35:07,,นี้กลับกทมด้วยเครื่องบิน. ต้องกักตัวมะ. คือถ้ากักโดนหักตังวันทำงาน วันละเลยนะ.,['โควิดทองหล่อ']
1382015054573305859,minterme2,2021-04-13,23:57:20,,นี้คิดว่าทำไมไม่ติดโควิคกันทั้งโลกไปเลย แบบฉีดให้อะไรงี้ พอติดแล้วก็จะได้ไม่ต้องมานั่งเครียดว่าติดยัง ไม่ต้องกังวลกลัวติดจากคนอื่น เพราะยังไงก็ยังไม่มียารักษา ที่ไปกักตัวกันนี้ ก็หายเอง หมอพยาบาล ก็แค่เฝ้าดูอาการแค่นั้น,"['โควิค19', 'โควิดทองหล่อ', 'โควิดเชียงใหม่', 'โควิค']"
1382001935545376769,7bwcp7vu3ttkwsb,2021-04-13,23:05:12,,ลืมบอก เป็นงานเลี้ยง คัมแบ๊กกลับ ตร ของ บิ๊กโจ๊ก พล.ต.ท สุรเชฐ จ้าาาาาาา อีดอก ปรสิตสุด กลับมาไม่ว่า เป็นภาระและตัวอย่างที่เหี้ยมาก,"['โควิด19', 'มีล่า', 'โหนกระแส', 'โควิดทองหล่อ', 'บิ๊กโจ๊ก']"
1381999343872266241,benjea0,2021-04-13,22:54:54,,ถ้าเป็นรัฐบาลพลเรือนโดนกปปสและทหารเหลือขอไล่ตั้งแต่โควิดรอบแรก,"['โควิด19', 'ประยุทธ์ออกไป', 'ผนงรจตกม', 'โควิดทองหล่อ']"
1381984473269428226,3oqqxqp8uuspytu,2021-04-13,21:55:49,,เปลี่ยนความเครียด มาเป็นความฮา กับชากัญชง ชาถูกกฏหมาย,"['กัญชา', 'กัญชง', 'มิลินทวิตภพ', 'มิวกลัฟไลฟ์หน่อยหวานใจคิดถึง', 'มิว2ล้าน7ขอเผ็ดเผ็ดจ๊ะ', 'โควิดทองหล่อ', 'โควิด19']"
1381982589427191809,mukmook,2021-04-13,21:48:19,,เอาเชือกไปคนละเส้นเถอะพวกชูสามนิ้ว ไอ้ ส.ส.พรรคนั้นด้วย รวมทั้งหม่องธนาธรเฮงซวย กับไอ้กบฏที่มีเมียฝรั่งเศสด้วยนะ,"['11ปี10เมษา', 'โควิดทองหล่อ']"
1381980584021356546,tayita1237,2021-04-13,21:40:21,,การที่มึงได้เป็นหมอเนี่ย มึงจับฉลากมาได้ใช่ปะ หรือลวงไหมาอิสัส กูปวดใจกับคำพูดมึงฉิบหาย,"['รัฐบาลส้นตีนคนเชียร์ก็ส้นตีน', 'ยกเลิก112', 'โควิด19', 'โควิดทองหล่อ', 'โควิดกรุงเทพ', 'บนเตียงดารา']"
1381979854619373569,kcltv,2021-04-13,21:37:27,,พิธา ระบุ สงกรานต์ปีนี้ สถานการณ์,"['โควิด19', 'โควิด', 'โควิดทองหล่อ', 'โควิดกรุงเทพ', 'โควิด19เชียงใหม่', 'พรรคก้าวไกล', 'รายการคมชัดลึก']"
1381979532501032960,gppsom2,2021-04-13,21:36:11,,หน้ากากอนามัยสีดำ ชั้น ราคา บาท กล่อง ค่าส่ง กล่องต่อไป+ สนใจ ทักไลน์แอด ตอบเร็วกว่างับ,"['หน้ากากอนามัย', 'หน้ากากอนามัยพร้อมส่ง', 'แมส', 'หน้ากากอนามัยราคาถูก', 'โควิดกรุงเทพ', 'โควิดวันนี้', 'โควิด19', 'โควิดทองหล่อ', 'โควิดเชียงใหม่', 'โควิดชลบุรี']"
1381972352762712065,memyprad,2021-04-13,21:07:39,,วัคซีนช่วยได้ แต่มันยังไม่การันตีความปลอดภัย ง่ายสุด ง่ายกว่า คือระมัดระวัง อย่าการ์ดตกครับ,"['โควิดทองหล่อ', 'โควิด19', 'โควิดวันนี้']"
1381972084667023361,chibi76287962,2021-04-13,21:06:35,,โง่ข้ามปีสากลไม่พอ ยังจะโง่ข้ามปีของไทยอีก ดีนะกูไม่ได้โง่เลือกมึงเข้ามา,"['รัฐบาลส้นตีน', 'โควิดทองหล่อ', 'โควิด19', 'โควิดวันนี้', 'โควิดกรุงเทพ']"
1381971527323713539,mukmook,2021-04-13,21:04:22,,คนบ้านี่มีทุกประเทศ นึกว่ามีแต่พวกชูสามนิ้วในไทย,['โควิดทองหล่อ']
1381969800855908360,dodosolsol4,2021-04-13,20:57:30,,อัพเดต พร้อมส่ง ‼ ตอนนี้เหลือแต่สีเขียวนะคะ เหลืออยู่ กล่อง สีดำเข้าพรุ่งนี้นะคะ ออเดอร์ไว้ก่อนได้ค่ะ ค่าจัดส่ง +฿ ปล.สีดำปรับราคาขึ้นตามราคาส่งที่แพงขึ้นค่ะ,"['หน้ากากอนามัยทางการแพทย์', 'หน้ากากอนามัยพร้อมส่ง', 'โควิด19', 'โควิดทองหล่อ', 'โควิดเชียงใหม่']"
1381967271371796485,jinnyleo3,2021-04-13,20:47:27,,ให้มันจับได้จริงๆ เถอะ,"['ตำรวจไทย', 'โควิดทองหล่อ', 'ลุง']"
1381965270135099394,bangkokinsight,2021-04-13,20:39:30,,แห่บริจาคช่วยโรงพยาบาลสนามเชียงใหม่ เล็งเปิดเพิ่มอีกแห่งรับผู้ป่วยพุ่งเกินพัน พิษ,"['โควิดทองหล่อ', 'โควิดเชียงใหม่', 'สถานการณ์โควิด', 'thebangkokinsight']"
1381962311900876803,amarintvhd,2021-04-13,20:27:45,,กทม. เปิดไทม์ไลน์สถานที่เสี่ยง โควิดกรุงเทพ พบ ผับดัง ห้างหรู ร้านอร่อย อยู่ในลิสต์ อื้อ,"['amarinnews', 'amarintv34', 'อมรินทร์ทีวีเอชดีช่อง34', 'โควิดกรุงเทพ', 'โควิดทองหล่อ', 'คลัสเตอร์ทองหล่อ', 'โควิดสถานบันเทิง']"
1381961816415211524,mk_ssnk,2021-04-13,20:25:47,,ปัจจุบันก็ยังมีไม่ใส่แมสอยู่ แถมรวมตัวกันเป็นกลุ่มใหญ่ สงสารหมอกับพนายาลบ้างก็ดี จิตสำนึก สะกดกันเป็นบ้างไหม ปล่อย ลอยแพให้ตายก็เสียจรรยาบรร,"['โควิด19', 'โควิดทองหล่อ']"
1381961040817049608,mtdnoo,2021-04-13,20:22:42,,จุฬาประกาศงดบริการผู้ป่วยนอก ที่ไม่เร่งด่วนฉุกเฉินแล้วค่าา,"['โควิด19', 'โควิดทองหล่อ', 'โควิด']"
1381960607994322952,iwannapinkz,2021-04-13,20:20:59,,มันน่าหงุดหงิดนะพอรู้ว่าคนที่ติดอะเป็นพวกอินฟูเอ็นเซอร์ที่กุตามยุทั้งนั้นเลย กูรู้ว่าไม่มีใครอยากติดหรอก แต่ พวก มึง พลาด จริงๆค่ะไม่ใช่จะขอกำลังใจอย่างเดียว ควรขอโทดคนรอบตัวมึงนู้นน,['โควิดทองหล่อ']
1381952613248159751,_neothailand_,2021-04-13,19:49:13,,เอ้าสหรัฐอเมริกาสั่งระงับใช้วัคซีน &; ชั่วคราว หลังจากพบเหตุการณ์ไม่พึงประสงค์หลังฉีด ได้ยินมาว่าตัวที่ที่ไทยจะสั่งเข้า &; ปะ ปัญหาทั้ง ทั้ง ละ &; ก็ตามมา,"['รัฐบาลส้นตีนคนเชียร์ก็ส้นตีน', 'โควิด19', 'โควิดทองหล่อ']"
1381951320152698887,stuffxcutee,2021-04-13,19:44:04,,สายคล้องแมสนะคะ ฝากร้านด้วยน้าาา สนใจสั่งได้เลยนะงั้บ ตอนนี้มีโปร ฿ น้าา ส่งฟรีทุกรายการนะคะ,"['โควิดทองหล่อ', 'ฝากร้าน', 'ฝากรีทวิตด้วยนะครับ', 'สายคล้องแมส', 'ตลาดนัดexo', 'ตลาดนัดบังทัน']"
1381948651103121413,_neothailand_,2021-04-13,19:33:28,,โคตรพีคอีหนูอนุทินดิ้น เค้าด่าบุคลากรสาธาตรงไหน ใครสมน้ำหน้าประชาชนตรงไหน เค้าระบุว่าคนของมึงนะคะ ไม่ได้ด่ากราดอีควัย อ้างไปเรื่อยพรหมวิหาร อย่างมึงควรจะพรมเช็ดตีนค่ะ,"['รัฐบาลส้นตีนคนเชียร์ก็ส้นตีน', 'โควิด19', 'โควิดวันนี้', 'โควิดทองหล่อ']"
1381948093046775808,stupidmakkk,2021-04-13,19:31:15,,สงกรานต์ปีนี้ ฉลองเบาๆอยู่บ้าน ปีติด โควิดเป็นเหตุ,['โควิดทองหล่อ']
1381944050001932289,balabew,2021-04-13,19:15:11,,ชุดตรวจโควิด ปลอดภัย มีใบรับรอง ตรวจง่าย มีวิธีใช้บอก เห็นผลภายใน นาที ชุดละ ส่งฟรีทั่วไทย ปล. ของมีจำนวนจำกัด จิ้ม,"['โควิท19', 'โควิดเชียงใหม่', 'โควิดวันนี้', 'โควิดทองหล่อ', 'โควิดกรุงเทพ', 'โควิด19', 'โควิด', 'บุพเพสันนิวาส2']"
1381941602206183426,nattapon_sl,2021-04-13,19:05:27,,ไม่เรียก ประยุทธ์ ขายชาติ แล้วจะเรียกว่าอะไร กอบกู้ประเทศ,"['รัฐบาลส้นตีนคนเชียร์ก็ส้นตีน', 'ประยุทธ์ขายชาติ', 'ม็อบ13เมษา', 'ผนงรจตกม', 'ประยุทธ์ออกไป', 'โควิด', 'โควิด19', 'โควิดทองหล่อ', 'ปล่อยเพื่อนเรา', 'หยุดคุกคามประชาชน', 'whatshappeninginthailand']"
1381938825379782661,lifesaver_store,2021-04-13,18:54:25,,ฝากรีหน่อยค่า สเปรย์แอลกอฮอลล์แบบการ์ด มีฝาเปิดปิด มี กลิ่น หอมมากๆค่ะ มีโปรอยู่ สอบถามกลิ่นและโปรได้เลยน้า,"['โควิท19', 'โควิด19', 'โควิดวันนี้', 'โควิดทองหล่อ', 'โควิดกรุงเทพ', 'สเปรย์แอลกอฮอล์', 'สเปรย์แอลกอฮอล์พกพา', 'รัฐบาลส้นตีนคนเชียร์ก็ส้นตีน']"
1381938412941312001,mukmook,2021-04-13,18:52:47,,พวกชูสามนิ้วขอใช้วัคซีน &; ไม่ใช้ทั้งวัคซีนจีน,"['sinovac', 'astrazeneca', 'โควิดทองหล่อ']"
1381937735078928385,dalrace1,2021-04-13,18:50:05,,ที่อังกฤษมีให้ขอที่ตรวจฟรีที่บ้าน ชุดต่อคนแล้วจ้าา สำหรับคนที่ไม่มีอาการ สำหรับ อาทิตย์ ที่สำคัญคือฟรี ไม่ต้องออกไปไหน ไม่ต้องกังวลว่าจะไปแพร่เชื้อให้คนอื่นจ้าาา,"['รัฐบาลส้นตีนคนเชียร์ก็ส้นตีน', 'โควิดวันนี้', 'โควิดทองหล่อ']"
1381937083233660928,parttimeloverme,2021-04-13,18:47:30,,สหรัฐหยุดการให้วัคซีนจอหน์สัน,"['โควิดทองหล่อ', 'โควิดวันนี้', 'โควิด']"
1381930516975259650,pittaya19797630,2021-04-13,18:21:24,,ไม่เกี่ยวกับกิจกรรมใดๆเลย...เอาดีๆนะหมอกลุ่มไหนที่แพร่เชื้อ....อย่าโยนให้นักศึกษามันทุเรศครับ,['โควิดทองหล่อ']
1381929737472237569,_neothailand_,2021-04-13,18:18:19,,เยี่ยมมากสุดยอดมากค่ะ สมกับอันดับขอเอเชีย อันดับของโลกด้านสาธารณะสุข ถถถถ ขยันเกิ้น,"['รัฐบาลส้นตีนคนเชียร์ก็ส้นตีน', 'โควิดเชียงใหม่', 'โควิค19', 'โควิดทองหล่อ']"
1381928072681639992,ldapha,2021-04-13,18:11:42,,พี่หนุ่ม อยากฝากอะไรถึงแฟนๆไหม น้าค่อม สบายดีนะ ไอ้สัส พี่หนุ่ม,"['มิลินทวิตภพ', 'โควิด', 'โหนกระเเส', 'โควิดกรุงเทพ', 'โควิดเชียงใหม่', 'โควิดทองหล่อ', 'โควิด19', 'โควิดวันนี้']"
1381927082251448321,nannaph67449011,2021-04-13,18:07:46,,เราน่าจะได้ฉีดวัคซีนของ เพราะวันนี้รัฐบาล หยุดฉีด ให้คนที่มีอายุต่ำกว่า ปีแล้ว และกำลังนำเข้า &; ยังไม่ได้ของมาฉีดให้ประชาชน,['โควิดทองหล่อ']
1381925790447673353,siamrath_online,2021-04-13,18:02:38,,เปิดไทม์ไลน์ สถานที่เสี่ยงโควิดทองหล่อ มีทั้งวัดห้างร้านอาหารก.พาณิชย์ตลาดนัดรถเมล์,"['ไทม์ไลน์', 'โควิดทองหล่อ', 'โควิด19']"
1381925531642294275,thefeaturesth,2021-04-13,18:01:36,,ล่าสุด เส้นด้ายโพสข้อความในเฟสบุคส่วนตัวว่า ต้องไปอยู่โรงพยาบาลเเล้วค่ะ หลังกระทรวงสาธารณสุข ฟาดยูทูปเบอร์ สาวคนดัง กำลังทำผิดกฏหมายโรคติดต่อร้ายเเรง,"['รัฐบาลส้นตีนคนเชียร์ก็ส้นตีน', 'songkran', 'สงกรานต์', 'โควิดวันนี้', 'โควิด', 'โควิดทองหล่อ', 'โควิดกรุงเทพ']"
1381923949844385792,naewna_news,2021-04-13,17:55:19,,ศธ.ประกาศด่วน งดจัดกิจกรรมทุกชนิดถึง เม.ย.นี้ สั่ง ไม่น้อยกว่าร้อยละ,"['โควิดวันนี้', 'โควิดทองหล่อ']"
1381923807473016839,dodosolsol4,2021-04-13,17:54:45,,งานไทย กรอง .. สารคัดหลั่ง ไม่มีกลิ่นสารเคมี ปั๊ม ปั้มน้อนแมวทุกแผ่น ซีลทั้งกล่อง มีสีชม ขาว ค่าจัดส่ง +฿,"['หน้ากากอนามัยทางการแพทย์', 'โควิดทองหล่อ', 'โควิดวันนี้', 'โควิดทองหล่อ', 'โควิดเชียงใหม่']"
1381922329542893569,dodosolsol4,2021-04-13,17:48:52,,หน้ากากอนามัยทางการแพทย์ ป้องกันฝุ่น ละอองฝอย .. นุ่นมาก กระชับหน้า ชิ้น พร้อมส่งสี ขาว ชม เขียว ฟ้า เหลือง และดำ ค่าจัดส่ง +฿,"['หน้ากากอนามัยทางการแพทย์', 'หน้ากากอนามัยพร้อมส่ง', 'โควิดทองหล่อ', 'โควิดเชียงใหม่', 'โควิด19']"
1381922324887134216,thainews_news,2021-04-13,17:48:51,,หมอขอร้อง ผู้ติดเชื้อโควิด อย่ากักตัวเองอยู่บ้าน ให้รีบเข้ารับการรักษา หวั่นปล่อยไว้อาจรุนแรง,"['โควิดทองหล่อ', 'โควิดวันนี้', 'ไทยนิวส์', 'thainews']"
1381919357169672193,thainews_news,2021-04-13,17:37:04,,ลามอีก บุคลากรทางการแพทย์ รพ.นครปฐม ใกล้ชิดเสี่ยงติดเชื้อโควิดอื้อ พบต้นตอจากสถานบันเทิงในตัวเมือง,"['โควิดทองหล่อ', 'โคราช', 'โควิดวันนี้', 'ไทยนิวส์', 'thainews']"
1381916822241386500,infoquestnews,2021-04-13,17:26:59,,ผบช.น.ตั้งคณะทำงานสืบสวนสอบสวนคดี,"['คริสตัลคลับ', 'เอเมอรัลด์', 'โควิดทองหล่อ', 'โควิด19', 'covid19', 'อินโฟเควสท์']"
1381913482627440648,siamrath_online,2021-04-13,17:13:43,,ชูวิทย์ ซัดรัฐดัดจริตแต่งไทม์ไลน์ ชูทูตญี่ปุ่นยอมรับก็จบ,"['ชูวิทย์', 'ทูตญีปุ่น', 'โควิดทองหล่อ']"
1381913300603052037,dailynewstwit,2021-04-13,17:13:00,,#ศักดิ์สยาม คาดแพทย์ให้ออก รพ. เม.ย. นี้ ระบุยังไม่เห็นเอกสาร สิระ จี้แจงไทม์ไลน์ ยันทุกอย่างคือความจริง เข้าใจโซเชียลฯโจมตี เพราะเป็นคนสาธารณะ,"['ศักดิ์สยาม', 'โควิดทองหล่อ', 'โควิด19', 'เดลินิวส์']"
1381912600376582147,earnoff97,2021-04-13,17:10:13,,แมสพร้อมส่งยังเหลือนะคะ ชิ้นสุดท้ายแว้ววว,"['iheartawards︎', 'โควิด19', 'โควิดวันนี้', 'โควิดทองหล่อ', 'โควิดเชียงใหม่', 'โป๊ปเบลล่า', 'ตลาดนัดไฮคิว', 'ตลาดนัดดาบพิฆาตอสูร', 'ตลาดนัดไยบะ']"
1381912479043756039,thainews_news,2021-04-13,17:09:44,,ยิ่งกว่าบีบหัวใจ แม่ยอมเสี่ยงติดโควิด เข้าไปดูแลลูกสาวที่ป่วย ส่วนพ่อได้แต่ยืนดูห่างๆเพระรับเชื้อเหมือนกัน,"['โควิดทองหล่อ', 'โควิดวันนี้', 'ไทยนิวส์', 'thainews']"
1381906169334177792,nyn3ma,2021-04-13,16:44:40,,พ.ต.อ.ดวงโชติ สุวรรณจรัส ผู้กำกับสน.ทองหล่อคือหลานเขยของรองนายกรัฐมนตรีประวิตร วงษ์สุวรรณ ซึ่งเป็นคนที่มีข่าวลือไม่ดีมากมายว่าใช้เส้นสายและอำนาจในการทำเรื่องสกปรกและยังสนิทสนมกับชาวญี่ปุ่นที่ทำเรื่องผิดแย่ๆในไทยอีก คุณจะยอมให้อภัยรัฐบาลไทยที่ยอมรับสินบนแบบนี้ได้หรือ,['โควิดทองหล่อ']
1381897770475220994,dodosolsol4,2021-04-13,16:11:17,,พร้อมส่ง‼ ผลิตในไทย สีชมพู ทางการแพทย์ใช้ในสถานพยาบาล นุ่ม สายดี ราคา ฿ ค่าจัดส่ง +฿,"['หน้ากากอนามัยพร้อมส่ง', 'หน้ากากอนามัยทางการแพทย์', 'ชี้เป้าของถูก', 'โควิด19', 'โควิด', 'โควิดทองหล่อ']"
1381896696959934466,naewna_news,2021-04-13,16:07:01,,ศักดิ์สยามคาดออก รพ.เม.ย.นี้ เมินโซเซียลจี้เปิดไทม์ไลน์ ความจริงคือความจริง,"['ศักดิ์สยาม', 'โควิดทองหล่อ']"
1381896219929112578,manonelife,2021-04-13,16:05:07,,จากรายการเอาให้ชัดช่องพล.ต.ต.ปิยะ ต๊ะวิชัยรอง ผบช.น.ได้ออกมาเผยผ่านทางโทรศัพท์ว่าตอนนี้ทราบตัวเจ้าของสถานบันเทิงแล้วว่าเป็นใครแต่ไม่มีการขยายผลไปยังหุ้นส่วน ถ้าหากเขาไม่ได้กระทำผิดก็ถือว่าไม่มีความผิดใดๆต้องดูว่าหุ้นส่วนที่มีหุ้น ได้มีการร่วมกระทำผิดแค่ไหน,['โควิดทองหล่อ']
1381895408008318979,mgronlinelive,2021-04-13,16:01:54,,บช.น.ตั้งคณะพนักงานสืบสวนฯ ดำเนินคดีเจ้าของ ผับดังทองหล่อ ต้นตอคลัสเตอร์สถานบริการ เร่งตรวจสอบอ๊อด มิยาบิผู้ก่อตั้ง ไม่ชัดญาติตำรวจโผล่ถือหุ้น,['โควิดทองหล่อ']
1381894741634129920,kukikuki45,2021-04-13,15:59:15,,ขนส่ง แฟลช ได้รับสินค้าวันที่ ค่ะ ได้รับสินค้าแล้ว ติดแท็กรีวิว,"['รีวิวkukikukishop', 'trackingกุกิกุกิ', 'หน้ากากอนามัย', 'หน้ากากอนามัยพร้อมส่ง', 'คลัสเตอร์ทองหล่อ', 'โควิดทองหล่อ', 'โควิดวันนี้']"
1381892603050819584,oy_o_oy,2021-04-13,15:50:45,,นึกว่าจะมาจากทหารที่รัฐประหารขโมยประชาธิปไตยครบ ครั้ง,"['โควิด', 'โควิดวันนี้', 'โควิดเชียงใหม่', 'โควิดทองหล่อ', 'โควิด19', 'covid19', 'ยกเลิกม112']"
1381892167656873984,ice_tim11,2021-04-13,15:49:01,,งานไทย มาตรฐาน กล่องละ เกรดใช้ในโรงพยาบาล เหมาะสำหรับผิวแพ้ง่าย ค่าส่ง &; + ยกลัง กล่อง,"['หน้ากากอนามัยทางการเเพทย์', 'โควิด', 'หน้ากากอนามัยราคาถูก', 'โควิดวันนี้', 'โควิด19', 'โควิดทองหล่อ', 'หน้ากากอนามัย']"
1381891540100861952,thainews_news,2021-04-13,15:46:32,,ชูวิทย์แฉยับตัวละครใหม่ ปาป้าอ๊อดเส้นใหญ่ใกล้ตำรวจ ยกทูตญี่ปุ่นกล้าก้มหัวขอโทษคนไทย แต่ฝั่งเราห่วงภาพตัดแต่งไทม์ไลน์เป็นว่าเล่น,"['ชูวิทย์', 'โควิดทองหล่อ', 'โควิดวันนี้', 'ไทยนิวส์', 'thainews']"
